/*
Navicat MySQL Data Transfer

Source Server         : King
Source Server Version : 50549
Source Host           : localhost:3306
Source Database       : ems

Target Server Type    : MYSQL
Target Server Version : 50549
File Encoding         : 65001

Date: 2017-10-31 19:26:02
*/

SET FOREIGN_KEY_CHECKS=0;

-- ----------------------------
-- Table structure for t_answer
-- ----------------------------
DROP TABLE IF EXISTS `t_answer`;
CREATE TABLE `t_answer` (
  `answer_id` int(5) NOT NULL AUTO_INCREMENT,
  `stu_id` int(5) DEFAULT NULL,
  `paper_id` int(5) DEFAULT NULL,
  `choice_id` text,
  `blank_id` text,
  `judge_id` text,
  `sub_id` text,
  `sub_answer` text,
  `read_flag` char(1) DEFAULT NULL,
  `available` char(1) NOT NULL DEFAULT '1',
  PRIMARY KEY (`answer_id`)
) ENGINE=InnoDB DEFAULT CHARSET=utf8;

-- ----------------------------
-- Records of t_answer
-- ----------------------------

-- ----------------------------
-- Table structure for t_blank
-- ----------------------------
DROP TABLE IF EXISTS `t_blank`;
CREATE TABLE `t_blank` (
  `blank_id` int(20) NOT NULL AUTO_INCREMENT COMMENT '编号',
  `course_id` int(20) DEFAULT NULL COMMENT '科目ID',
  `blank_title` varchar(255) DEFAULT NULL COMMENT '题目',
  `answer` varchar(255) DEFAULT NULL COMMENT '正确答案',
  `available` char(1) NOT NULL DEFAULT '1',
  PRIMARY KEY (`blank_id`)
) ENGINE=InnoDB AUTO_INCREMENT=29 DEFAULT CHARSET=utf8;

-- ----------------------------
-- Records of t_blank
-- ----------------------------
INSERT INTO `t_blank` VALUES ('1', '1', '计算机软件是指在计算机硬件上运行的各种程序以及相关（）', '文档', '1');
INSERT INTO `t_blank` VALUES ('2', '1', '字符串“大学COMPUTER文化基础”（双引号除外），在机器内占用的存储字节数是()', '20.0', '1');
INSERT INTO `t_blank` VALUES ('3', '1', '现代微型计算机的内存储器都采用内存条，使用时把它们插在（）上的插槽中', '主板', '1');
INSERT INTO `t_blank` VALUES ('4', '2', '计算机能直接识别和执行的语言是（）', '机器语言', '1');
INSERT INTO `t_blank` VALUES ('5', '2', '存储32×32点阵的汉字字模需要（）B', '128.0', '1');
INSERT INTO `t_blank` VALUES ('6', '2', '内存空间地址段为2001H——7000H，则其存储空间（）KB', '20.0', '1');
INSERT INTO `t_blank` VALUES ('7', '2', '第一台电子计算机诞生的国家是（）', '美国', '1');
INSERT INTO `t_blank` VALUES ('8', '2', '计算机内存储器分为ROM利RAM，其中存放在RAM上的信息将随着断电而消失，因此在关机前，应把信息先存到（）', '外存', '1');
INSERT INTO `t_blank` VALUES ('9', '2', '第一台电子计算机诞生在四十年代，组成该计算机的基本电子元件是（）', '电子管', '1');
INSERT INTO `t_blank` VALUES ('10', '3', '计算机内进行算术与逻辑运算的功能部件是（）', '运算器', '1');
INSERT INTO `t_blank` VALUES ('11', '3', '每条指令都必须具有的、能与其他指令相区别的、规定该指令执行功能的部分称为（）', '操作码', '1');
INSERT INTO `t_blank` VALUES ('12', '3', 'CD-ROM光盘片的存储容量大约是（）MB', '650.0', '1');
INSERT INTO `t_blank` VALUES ('13', '3', '（）程序是将计算机高级语言源程序翻译成目标程序的系统软件', '编译', '1');
INSERT INTO `t_blank` VALUES ('14', '3', '在Word中要复制已选定的文本，可以按下 （）键，同时用鼠标拖动选定文本到指定的位置', 'CTRL', '1');
INSERT INTO `t_blank` VALUES ('15', '1', '计算机软件是指在计算机硬件上运行的各种程序以及相关（）', '文档', '1');
INSERT INTO `t_blank` VALUES ('16', '1', '字符串“大学COMPUTER文化基础”（双引号除外），在机器内占用的存储字节数是()', '20.0', '1');
INSERT INTO `t_blank` VALUES ('17', '1', '现代微型计算机的内存储器都采用内存条，使用时把它们插在（）上的插槽中', '主板', '1');
INSERT INTO `t_blank` VALUES ('18', '2', '计算机能直接识别和执行的语言是（）', '机器语言', '1');
INSERT INTO `t_blank` VALUES ('19', '2', '存储32×32点阵的汉字字模需要（）B', '128.0', '1');
INSERT INTO `t_blank` VALUES ('20', '2', '内存空间地址段为2001H——7000H，则其存储空间（）KB', '20.0', '1');
INSERT INTO `t_blank` VALUES ('21', '2', '第一台电子计算机诞生的国家是（）', '美国', '1');
INSERT INTO `t_blank` VALUES ('22', '2', '计算机内存储器分为ROM利RAM，其中存放在RAM上的信息将随着断电而消失，因此在关机前，应把信息先存到（）', '外存', '1');
INSERT INTO `t_blank` VALUES ('23', '2', '第一台电子计算机诞生在四十年代，组成该计算机的基本电子元件是（）', '电子管', '1');
INSERT INTO `t_blank` VALUES ('24', '3', '计算机内进行算术与逻辑运算的功能部件是（）', '运算器', '1');
INSERT INTO `t_blank` VALUES ('25', '3', '每条指令都必须具有的、能与其他指令相区别的、规定该指令执行功能的部分称为（）', '操作码', '1');
INSERT INTO `t_blank` VALUES ('26', '3', 'CD-ROM光盘片的存储容量大约是（）MB', '650.0', '1');
INSERT INTO `t_blank` VALUES ('27', '3', '（）程序是将计算机高级语言源程序翻译成目标程序的系统软件', '编译', '1');
INSERT INTO `t_blank` VALUES ('28', '3', '在Word中要复制已选定的文本，可以按下 （）键，同时用鼠标拖动选定文本到指定的位置', 'CTRL', '1');

-- ----------------------------
-- Table structure for t_choice
-- ----------------------------
DROP TABLE IF EXISTS `t_choice`;
CREATE TABLE `t_choice` (
  `choice_id` int(11) NOT NULL AUTO_INCREMENT COMMENT '编号',
  `course_id` int(11) NOT NULL COMMENT '科目id',
  `choice_title` varchar(255) NOT NULL COMMENT '题目',
  `answer_a` varchar(255) NOT NULL COMMENT '选项A',
  `answer_b` varchar(255) NOT NULL COMMENT '选项B',
  `answer_c` varchar(255) NOT NULL COMMENT '选项C',
  `answer_d` varchar(255) NOT NULL COMMENT '选项D',
  `answer` varchar(255) NOT NULL COMMENT '正确答案',
  `choice_type` int(11) NOT NULL COMMENT '0单选1多选',
  `available` char(1) NOT NULL DEFAULT '1',
  PRIMARY KEY (`choice_id`)
) ENGINE=InnoDB AUTO_INCREMENT=273 DEFAULT CHARSET=utf8;

-- ----------------------------
-- Records of t_choice
-- ----------------------------
INSERT INTO `t_choice` VALUES ('1', '1', '下列说法正确的是（  ）。', '通过网络盗取他人密码只是思想意识问题', '色情、暴力网站不会对青少年产生负面影响', '恶意制造网络病毒属于计算机犯罪', '沉迷于网络游戏不会影响青少年的身心健康', 'C', '0', '1');
INSERT INTO `t_choice` VALUES ('2', '1', '“华南虎”事件是人为制造的假新闻，这说明信息具有（  ）。', '共享性', '时效性 ', '真伪性', '价值相对性', 'C', '0', '1');
INSERT INTO `t_choice` VALUES ('3', '1', '如果作为Windows中的文件名，合法的是（  ）。', 'ABC①.def ', 'ABC？.exe', 'ABC*.com', 'ABC/.pdf', 'A', '0', '1');
INSERT INTO `t_choice` VALUES ('4', '1', '计算机存储器单位Byte称为', '位 ', '字节', '机器字', '字长', 'B', '0', '1');
INSERT INTO `t_choice` VALUES ('5', '1', '计算机系统中使用的GB2312-80编码是一种', '英文的编码', '英文的编码', '通用字符的编码', '通用字符的编码', 'B', '0', '1');
INSERT INTO `t_choice` VALUES ('6', '1', '下面属于操作系统软件的是', 'Windows', 'Office', 'Internet Explorer', 'PhotoShop', 'A', '0', '1');
INSERT INTO `t_choice` VALUES ('7', '1', '为网络信息交换而制定的规则称为', '协议', '拓扑结构　', '模型', '体系结构', 'A', '0', '1');
INSERT INTO `t_choice` VALUES ('8', '1', '（　）是为网络中各用户提供服务并管理整个网络的，是整个网络的核心。', '工作站', '服务器', '外围设备', '通信协议', 'B', '0', '1');
INSERT INTO `t_choice` VALUES ('9', '2', '计算机系统是指', '主机和外部设备', '主机、显示器、键盘、鼠标', '运控器、存储器、外部设备', '硬件系统和软件系统', 'D', '0', '1');
INSERT INTO `t_choice` VALUES ('10', '2', '一个完整的计算机系统包括（  ）。', '主机、键盘和显示器', '系统软件与应用软件', '运算器、控制器和存储器', '硬件系统与软件系统', 'D', '0', '1');
INSERT INTO `t_choice` VALUES ('11', '2', '下列各进制数中，数值最小的是（  ）。', '(101001)2 ', '(520)8', '(2B)16 ', '(44)10', 'A', '0', '1');
INSERT INTO `t_choice` VALUES ('12', '2', ' 一个字符的ASCII码只用（  ）二进制编码就可以表示。', '5位', '6位', '7位', '8位', 'C', '0', '1');
INSERT INTO `t_choice` VALUES ('13', '2', '计算机能直接识别的程序是（  ）。', '源程序', '机器语言程序', '汇编语言程序', '低级语言程序', 'B', '0', '1');
INSERT INTO `t_choice` VALUES ('14', '2', '某学校的学生成绩管理软件是（  ）。', '应用软件', '系统软件', '工具软件', '编辑软件', 'A', '0', '1');
INSERT INTO `t_choice` VALUES ('15', '2', '在计算机运行时，把程序和数据一起存放在内存中，这是1946年由（  ）领导的小组正式提出并论证的。', '图灵', '布尔', '冯·诺依曼', '爱因斯坦', 'C', '0', '1');
INSERT INTO `t_choice` VALUES ('16', '2', 'Windows系统的剪贴板式（  ）中的一块区域。', '硬盘', '软盘', '内存', '光盘', 'C', '0', '1');
INSERT INTO `t_choice` VALUES ('17', '3', '以下（  ）的文件被称为文本文件。', '以EXE为扩展名', '以TXT为扩展名', '以COM为扩展名', '以PPS为扩展名', 'B', '0', '1');
INSERT INTO `t_choice` VALUES ('18', '3', '（  ）是办公自动化系统的关键设备。', '计算机', '交换机', '复印机', '路由器', 'A', '0', '1');
INSERT INTO `t_choice` VALUES ('19', '3', '在Word应用中，完成“粘贴”功能的组合键是（  ）。', 'Ctrl+V ', 'Ctrl+Z ', ' Ctrl+C', 'Ctrl+E', 'A', '0', '1');
INSERT INTO `t_choice` VALUES ('20', '3', '当向Excel工作表的单元格中输入公式时，使用单元格地址D$2引用D列第2行单元格的内容，该单元格的引用称为（  ）。', '相对地址引用', '绝对地址引用', '交叉地址引用', '混合地址引用', 'D', '0', '1');
INSERT INTO `t_choice` VALUES ('21', '3', 'PowerPoint2003演示文稿文件的默认的扩展名为（  ）。', 'PPS ', 'PPT', 'PPW', 'PPN', 'B', '0', '1');
INSERT INTO `t_choice` VALUES ('22', '3', 'Internet采用的协议体系结构是（  ）。', 'OSI 参考模型 ', 'TCP/IP体系结构', 'ISO模型 ', '7层体系结构', 'B', '0', '1');
INSERT INTO `t_choice` VALUES ('23', '3', '在数据通信过程中，将模拟信号还原成数字信号的过程叫做（  ）。', '流量控制', '差错控制', '调制', '解调', 'D', '0', '1');
INSERT INTO `t_choice` VALUES ('24', '3', '为网络数据交换而制定的规则、约定和标准称为（  ）。', '协议 ', '体系结构', '模型 ', '网络拓扑', 'A', '0', '1');
INSERT INTO `t_choice` VALUES ('25', '3', 'USB是一种', '中央处理器', '通用串行总线接口', '不间断电源　', '显示器', 'B', '0', '1');
INSERT INTO `t_choice` VALUES ('26', '4', '十进制数13转换为等价的二进制数的结果为', '2.0', '8.0', '16.0', '44.0', 'A', '0', '1');
INSERT INTO `t_choice` VALUES ('27', '4', '我们通常所说的“裸机”指的是', '只装备有操作系统的计算机', '不带输入输出设备的计算机', '未装备任何软件的计算机', '计算机主机暴露在外', 'C', '0', '1');
INSERT INTO `t_choice` VALUES ('28', '4', '用计算机进行资料检索是属于计算机应用中的', '数据处理', '科学计算', '实时控制', '人工智能', 'A', '0', '1');
INSERT INTO `t_choice` VALUES ('29', '4', '在Excel系统默认情况下，单元格地址使用的是', '相对引用　　　　　　　　', '绝对引用', '混合应用', 'RC引用', 'A', '0', '1');
INSERT INTO `t_choice` VALUES ('30', '4', '在PowerPoint系统中，默认演示文稿的扩展名是', 'PNG　　　　　　　　　　', 'PPT', 'PPS', 'POT', 'B', '0', '1');
INSERT INTO `t_choice` VALUES ('31', '4', '数据库中，表的一行可以叫做', '一条记录　　　　　　　　', '一个字节', '一项属性', '一个关系', 'A', '0', '1');
INSERT INTO `t_choice` VALUES ('32', '4', '所谓媒体是指', '表示和传播信息的载体　', '各种信息的编码', '计算机输入与输出的信息', '计算机屏幕显示的信息', 'A', '0', '1');
INSERT INTO `t_choice` VALUES ('33', '4', '我国颁布的《计算机软件保护条例》最主要是保护（　　）的利益', '使用软件的用户', '销售软件的商家', '软件的开发者', '软件的管理部门', 'C', '0', '1');
INSERT INTO `t_choice` VALUES ('34', '4', '计算机网络设备中的HUB是指', '集线器　', '网关', '路由器', '网桥', 'A', '0', '1');
INSERT INTO `t_choice` VALUES ('35', '4', '在计算机网络中，表征数据传输可靠性的指标是', '传输率　　　　　　　　　', '误码率', '信息容量', '频带利用率', 'B', '0', '1');
INSERT INTO `t_choice` VALUES ('36', '4', '在Windows系统及其应用程序中，菜单是系统功能的体现。若当前某项菜单中有淡字项，则表示该功能（　　）。', '其设置当前无效', '用户当前不能使用', '一般用户不能使用', '将弹出下一级菜单', 'B', '0', '1');
INSERT INTO `t_choice` VALUES ('37', '5', '在MS-DOS及Windows系统中，进行查找操作时，可使用“*”代替所在位置的任意字符串，称为通配符，其作用是（　）', '便于一次处理多个文件', '便于别一个文件', '便于给一个文件取名', '便于保存一个文件', 'A', '0', '1');
INSERT INTO `t_choice` VALUES ('38', '5', '在Word系统中，进行“粘贴”的组合键是', 'Ctrl+X', 'Ctrl+V', 'Ctrl+C　', 'Ctrl+A', 'B', '0', '1');
INSERT INTO `t_choice` VALUES ('39', '5', '1. 计算机的发展大体可（按其组成的器件）分为（）阶段', '.六', '五 ', '.四 ', '.三', 'C', '0', '1');
INSERT INTO `t_choice` VALUES ('40', '5', '计算机中的运算器能进行（）', '加法和减法运算 ', '算术运算和逻辑运算 ', '算术运算和逻辑运算 ', '算术运算和逻辑运算 ', 'B', '0', '1');
INSERT INTO `t_choice` VALUES ('41', '5', '计算机软件是指所使用的（）', '各种程序的集合', '.有关的文档资料', '各种指令的集合', '.数据、程序和文档资料的集合', 'D', '0', '1');
INSERT INTO `t_choice` VALUES ('42', '5', '微型计算机系统采用总线结构连接CPU、存储器和外部设备。总线通常由三部分组成，它们是（）。', '.数据总线、地址总线和控制总线', '数据总线、信息总线和传输总线', '.地址总线、运算总线和逻辑总线', '逻辑总线、传输总线和通讯总线', 'A', '0', '1');
INSERT INTO `t_choice` VALUES ('43', '5', '下列那个数最大（）。', '.(10101111)2 ', '(210)8', '(AB)16 ', 'D32', 'A', '0', '1');
INSERT INTO `t_choice` VALUES ('44', '5', '在计算机系统中，CAD表示（）', '.计算机辅助教学', '计算机辅助设计', '计算机辅助测试', '计算机辅助制造', 'B', '0', '1');
INSERT INTO `t_choice` VALUES ('45', '5', '获取指令、决定指令的执行顺序，向相应的硬件部件发送指令，这是（）的基本功能。', '运算器', '控制器', '内存储器', '输入/输出设备', 'B', '0', '1');
INSERT INTO `t_choice` VALUES ('46', '5', 'Visual Basic是一种（）程序设计语言。', '面向机器', '面向过程', '面向事件', '面向对象', 'D', '0', '1');
INSERT INTO `t_choice` VALUES ('47', '1', 'Windows系统所提供的剪贴板，实际上是（）', '一段连续的硬盘区域', '一段连续的内存区域', '一个多媒体应用程序', '.应用程序之间进行数据交换的工具', 'B', '0', '1');
INSERT INTO `t_choice` VALUES ('48', '1', '在MS-DOS及Windows系统中，操作文件时使用通配符的作用是（）', '便于一次处理多个文件', '便于识别一个文件', '便于给一个文件取名', '便于保存一个文件', 'A', '0', '1');
INSERT INTO `t_choice` VALUES ('49', '1', '在Windows系统中，若在某菜单中有淡字项，则表示该功能（）', '一般用户不能使用', '将弹出下一级菜单', '其设置当前无效', '用户当前不能使用', 'D', '0', '1');
INSERT INTO `t_choice` VALUES ('50', '1', '若需将WORD系统的“打开”对话框以图形方式置于当前编排的文档中，应先选择“文件”菜单下的“打开”功能，进入其对话框后按（）键，将其复制到剪贴板中，再重新回到编辑状态下，光标定位后单击常用工具栏上的“粘贴”按钮。', 'Print Screen ', ' Ctrl+Print Screen', '. Alt+Print Screen  ', 'Shift+Print Screen', 'C', '0', '1');
INSERT INTO `t_choice` VALUES ('51', '1', '在Excel系统的工作表中，当前单元格只能是（）。', '单元格指针选定的一个 ', '.选中的一行  ', '选中的区域 ', '.选中的一列', 'A', '0', '1');
INSERT INTO `t_choice` VALUES ('52', '1', '在Excel工作表某单元格中，输入了公式“=AVERAGE(C3:E6,F8)”,其作用是（）', '求C3~E6和F8单元格的和 ', '求C3~E6单元格的和', '.求C3~E6和F8单元格的平均值 ', '求C3~E6单元格的平均值', 'C', '0', '1');
INSERT INTO `t_choice` VALUES ('53', '1', '中文PowerPoint系统是一个（）软件。', '文字处理 ', '.表格处理 ', '.图形处理 ', '.文稿演示', 'D', '0', '1');
INSERT INTO `t_choice` VALUES ('54', '2', '表征数据传输可靠性的指标是（）', '.误码率 ', '.信道容量', '传输速率 ', '.频带利用率', 'A', '0', '1');
INSERT INTO `t_choice` VALUES ('55', '2', 'MODEM是用户上网时的一个信号转换设备，其“解调”功能是指（）。', '将脉冲数字信号转换成模拟信号的过程', '.在相互连接的两个局域网间进行双向的传送、通信的过程', '.将模拟信号转换成脉冲数字信号的过程', '把多个信号组合起来在一条物理电缆上进行传输的过程', 'C', '0', '1');
INSERT INTO `t_choice` VALUES ('56', '2', '局域网操作系统中最重要与最基础的网络服务功能是（）', '.通信服务 ', '.信息服务 ', '.网络管理服务 ', '.文件服务', 'D', '0', '1');
INSERT INTO `t_choice` VALUES ('57', '2', '计算机病毒是一段人为制造的程序，若在一台计算机的（）该程序，则说明该计算机系统已被感染上病毒。', '屏幕上出现', '内存中驻留   ', '.软盘上含有', '.某个文件中包含', 'C', '0', '1');
INSERT INTO `t_choice` VALUES ('58', '2', '不能作为计算机输出设备的是（  ）。', '硬盘', '光盘', '摄像头', '打印机', 'C', '0', '1');
INSERT INTO `t_choice` VALUES ('59', '2', '计算机数据库系统中，数据类型中没有（  ）。', '货币型', '备注型', '科学型 ', '逻辑型', 'C', '0', '1');
INSERT INTO `t_choice` VALUES ('60', '2', '下列说法正确的是（  ）。', '通过网络盗取他人密码只是思想意识问题', '色情、暴力网站不会对青少年产生负面影响', '恶意制造网络病毒属于计算机犯罪', '沉迷于网络游戏不会影响青少年的身心健康', 'C', '0', '1');
INSERT INTO `t_choice` VALUES ('61', '3', '“华南虎”事件是人为制造的假新闻，这说明信息具有（  ）。', '共享性', '时效性 ', '真伪性', '价值相对性', 'C', '0', '1');
INSERT INTO `t_choice` VALUES ('62', '3', '如果作为Windows中的文件名，合法的是（  ）。', 'ABC①.def ', 'ABC？.exe', 'ABC*.com', 'ABC/.pdf', 'A', '0', '1');
INSERT INTO `t_choice` VALUES ('63', '3', '计算机存储器单位Byte称为', '位 ', '字节', '机器字', '字长', 'B', '0', '1');
INSERT INTO `t_choice` VALUES ('64', '3', '计算机系统中使用的GB2312-80编码是一种', '英文的编码', '英文的编码', '通用字符的编码', '通用字符的编码', 'B', '0', '1');
INSERT INTO `t_choice` VALUES ('65', '3', '下面属于操作系统软件的是', 'Windows', 'Office', 'Internet Explorer', 'PhotoShop', 'A', '0', '1');
INSERT INTO `t_choice` VALUES ('66', '3', '为网络信息交换而制定的规则称为', '协议', '拓扑结构　', '模型', '体系结构', 'A', '0', '1');
INSERT INTO `t_choice` VALUES ('67', '3', '（　）是为网络中各用户提供服务并管理整个网络的，是整个网络的核心。', '工作站', '服务器', '外围设备', '通信协议', 'B', '0', '1');
INSERT INTO `t_choice` VALUES ('68', '3', '计算机系统是指', '主机和外部设备', '主机、显示器、键盘、鼠标', '运控器、存储器、外部设备', '硬件系统和软件系统', 'D', '0', '1');
INSERT INTO `t_choice` VALUES ('69', '3', '一个完整的计算机系统包括（  ）。', '主机、键盘和显示器', '系统软件与应用软件', '运算器、控制器和存储器', '硬件系统与软件系统', 'D', '0', '1');
INSERT INTO `t_choice` VALUES ('70', '3', '下列各进制数中，数值最小的是（  ）。', '(101001)2 ', '(520)8', '(2B)16 ', '(44)10', 'A', '0', '1');
INSERT INTO `t_choice` VALUES ('71', '3', ' 一个字符的ASCII码只用（  ）二进制编码就可以表示。', '5位', '6位', '7位', '8位', 'C', '0', '1');
INSERT INTO `t_choice` VALUES ('72', '4', '计算机能直接识别的程序是（  ）。', '源程序', '机器语言程序', '汇编语言程序', '低级语言程序', 'B', '0', '1');
INSERT INTO `t_choice` VALUES ('73', '4', '某学校的学生成绩管理软件是（  ）。', '应用软件', '系统软件', '工具软件', '编辑软件', 'A', '0', '1');
INSERT INTO `t_choice` VALUES ('74', '4', '在计算机运行时，把程序和数据一起存放在内存中，这是1946年由（  ）领导的小组正式提出并论证的。', '图灵', '布尔', '冯·诺依曼', '爱因斯坦', 'C', '0', '1');
INSERT INTO `t_choice` VALUES ('75', '4', 'Windows系统的剪贴板式（  ）中的一块区域。', '硬盘', '软盘', '内存', '光盘', 'C', '0', '1');
INSERT INTO `t_choice` VALUES ('76', '4', '以下（  ）的文件被称为文本文件。', '以EXE为扩展名', '以TXT为扩展名', '以COM为扩展名', '以PPS为扩展名', 'B', '0', '1');
INSERT INTO `t_choice` VALUES ('77', '4', '（  ）是办公自动化系统的关键设备。', '计算机', '交换机', '复印机', '路由器', 'A', '0', '1');
INSERT INTO `t_choice` VALUES ('78', '4', '在Word应用中，完成“粘贴”功能的组合键是（  ）。', 'Ctrl+V ', 'Ctrl+Z ', ' Ctrl+C', 'Ctrl+E', 'A', '0', '1');
INSERT INTO `t_choice` VALUES ('79', '4', '当向Excel工作表的单元格中输入公式时，使用单元格地址D$2引用D列第2行单元格的内容，该单元格的引用称为（  ）。', '相对地址引用', '绝对地址引用', '交叉地址引用', '混合地址引用', 'D', '0', '1');
INSERT INTO `t_choice` VALUES ('80', '4', 'PowerPoint2003演示文稿文件的默认的扩展名为（  ）。', 'PPS ', 'PPT', 'PPW', 'PPN', 'B', '0', '1');
INSERT INTO `t_choice` VALUES ('81', '5', 'Internet采用的协议体系结构是（  ）。', 'OSI 参考模型 ', 'TCP/IP体系结构', 'ISO模型 ', '7层体系结构', 'B', '0', '1');
INSERT INTO `t_choice` VALUES ('82', '5', '在数据通信过程中，将模拟信号还原成数字信号的过程叫做（  ）。', '流量控制', '差错控制', '调制', '解调', 'D', '0', '1');
INSERT INTO `t_choice` VALUES ('83', '5', '为网络数据交换而制定的规则、约定和标准称为（  ）。', '协议 ', '体系结构', '模型 ', '网络拓扑', 'A', '0', '1');
INSERT INTO `t_choice` VALUES ('84', '5', 'USB是一种', '中央处理器', '通用串行总线接口', '不间断电源　', '显示器', 'B', '0', '1');
INSERT INTO `t_choice` VALUES ('85', '5', '十进制数13转换为等价的二进制数的结果为', '2.0', '8.0', '16.0', '44.0', 'A', '0', '1');
INSERT INTO `t_choice` VALUES ('86', '5', '我们通常所说的“裸机”指的是', '只装备有操作系统的计算机', '不带输入输出设备的计算机', '未装备任何软件的计算机', '计算机主机暴露在外', 'C', '0', '1');
INSERT INTO `t_choice` VALUES ('87', '5', '用计算机进行资料检索是属于计算机应用中的', '数据处理', '科学计算', '实时控制', '人工智能', 'A', '0', '1');
INSERT INTO `t_choice` VALUES ('88', '5', '在Excel系统默认情况下，单元格地址使用的是', '相对引用　　　　　　　　', '绝对引用', '混合应用', 'RC引用', 'A', '0', '1');
INSERT INTO `t_choice` VALUES ('89', '5', '在PowerPoint系统中，默认演示文稿的扩展名是', 'PNG　　　　　　　　　　', 'PPT', 'PPS', 'POT', 'B', '0', '1');
INSERT INTO `t_choice` VALUES ('90', '1', '数据库中，表的一行可以叫做', '一条记录　　　　　　　　', '一个字节', '一项属性', '一个关系', 'A', '0', '1');
INSERT INTO `t_choice` VALUES ('91', '1', '所谓媒体是指', '表示和传播信息的载体　', '各种信息的编码', '计算机输入与输出的信息', '计算机屏幕显示的信息', 'A', '0', '1');
INSERT INTO `t_choice` VALUES ('92', '1', '我国颁布的《计算机软件保护条例》最主要是保护（　　）的利益', '使用软件的用户', '销售软件的商家', '软件的开发者', '软件的管理部门', 'C', '0', '1');
INSERT INTO `t_choice` VALUES ('93', '1', '计算机网络设备中的HUB是指', '集线器　', '网关', '路由器', '网桥', 'A', '0', '1');
INSERT INTO `t_choice` VALUES ('94', '1', '在计算机网络中，表征数据传输可靠性的指标是', '传输率　　　　　　　　　', '误码率', '信息容量', '频带利用率', 'B', '0', '1');
INSERT INTO `t_choice` VALUES ('95', '1', '在Windows系统及其应用程序中，菜单是系统功能的体现。若当前某项菜单中有淡字项，则表示该功能（　　）。', '其设置当前无效', '用户当前不能使用', '一般用户不能使用', '将弹出下一级菜单', 'B', '0', '1');
INSERT INTO `t_choice` VALUES ('96', '1', '在MS-DOS及Windows系统中，进行查找操作时，可使用“*”代替所在位置的任意字符串，称为通配符，其作用是（　）', '便于一次处理多个文件', '便于别一个文件', '便于给一个文件取名', '便于保存一个文件', 'A', '0', '1');
INSERT INTO `t_choice` VALUES ('97', '1', '在Word系统中，进行“粘贴”的组合键是', 'Ctrl+X', 'Ctrl+V', 'Ctrl+C　', 'Ctrl+A', 'B', '0', '1');
INSERT INTO `t_choice` VALUES ('98', '1', '1. 计算机的发展大体可（按其组成的器件）分为（）阶段', '.六', '五 ', '.四 ', '.三', 'C', '0', '1');
INSERT INTO `t_choice` VALUES ('99', '1', '计算机中的运算器能进行（）', '加法和减法运算 ', '算术运算和逻辑运算 ', '算术运算和逻辑运算 ', '算术运算和逻辑运算 ', 'B', '0', '1');
INSERT INTO `t_choice` VALUES ('100', '1', '计算机软件是指所使用的（）', '各种程序的集合', '.有关的文档资料', '各种指令的集合', '.数据、程序和文档资料的集合', 'D', '0', '1');
INSERT INTO `t_choice` VALUES ('101', '1', '微型计算机系统采用总线结构连接CPU、存储器和外部设备。总线通常由三部分组成，它们是（）。', '.数据总线、地址总线和控制总线', '数据总线、信息总线和传输总线', '.地址总线、运算总线和逻辑总线', '逻辑总线、传输总线和通讯总线', 'A', '0', '1');
INSERT INTO `t_choice` VALUES ('102', '1', '下列那个数最大（）。', '.(10101111)2 ', '(210)8', '(AB)16 ', 'D32', 'A', '0', '1');
INSERT INTO `t_choice` VALUES ('103', '1', '在计算机系统中，CAD表示（）', '.计算机辅助教学', '计算机辅助设计', '计算机辅助测试', '计算机辅助制造', 'B', '0', '1');
INSERT INTO `t_choice` VALUES ('104', '1', '获取指令、决定指令的执行顺序，向相应的硬件部件发送指令，这是（）的基本功能。', '运算器', '控制器', '内存储器', '输入/输出设备', 'B', '0', '1');
INSERT INTO `t_choice` VALUES ('105', '1', 'Visual Basic是一种（）程序设计语言。', '面向机器', '面向过程', '面向事件', '面向对象', 'D', '0', '1');
INSERT INTO `t_choice` VALUES ('106', '1', 'Windows系统所提供的剪贴板，实际上是（）', '一段连续的硬盘区域', '一段连续的内存区域', '一个多媒体应用程序', '.应用程序之间进行数据交换的工具', 'B', '0', '1');
INSERT INTO `t_choice` VALUES ('107', '1', '在MS-DOS及Windows系统中，操作文件时使用通配符的作用是（）', '便于一次处理多个文件', '便于识别一个文件', '便于给一个文件取名', '便于保存一个文件', 'A', '0', '1');
INSERT INTO `t_choice` VALUES ('108', '1', '在Windows系统中，若在某菜单中有淡字项，则表示该功能（）', '一般用户不能使用', '将弹出下一级菜单', '其设置当前无效', '用户当前不能使用', 'D', '0', '1');
INSERT INTO `t_choice` VALUES ('109', '1', '若需将WORD系统的“打开”对话框以图形方式置于当前编排的文档中，应先选择“文件”菜单下的“打开”功能，进入其对话框后按（）键，将其复制到剪贴板中，再重新回到编辑状态下，光标定位后单击常用工具栏上的“粘贴”按钮。', 'Print Screen ', ' Ctrl+Print Screen', '. Alt+Print Screen  ', 'Shift+Print Screen', 'C', '0', '1');
INSERT INTO `t_choice` VALUES ('110', '1', '在Excel系统的工作表中，当前单元格只能是（）。', '单元格指针选定的一个 ', '.选中的一行  ', '选中的区域 ', '.选中的一列', 'A', '0', '1');
INSERT INTO `t_choice` VALUES ('111', '1', '在Excel工作表某单元格中，输入了公式“=AVERAGE(C3:E6,F8)”,其作用是（）', '求C3~E6和F8单元格的和 ', '求C3~E6单元格的和', '.求C3~E6和F8单元格的平均值 ', '求C3~E6单元格的平均值', 'C', '0', '1');
INSERT INTO `t_choice` VALUES ('112', '1', '中文PowerPoint系统是一个（）软件。', '文字处理 ', '.表格处理 ', '.图形处理 ', '.文稿演示', 'D', '0', '1');
INSERT INTO `t_choice` VALUES ('113', '1', '表征数据传输可靠性的指标是（）', '.误码率 ', '.信道容量', '传输速率 ', '.频带利用率', 'A', '0', '1');
INSERT INTO `t_choice` VALUES ('114', '1', 'MODEM是用户上网时的一个信号转换设备，其“解调”功能是指（）。', '将脉冲数字信号转换成模拟信号的过程', '.在相互连接的两个局域网间进行双向的传送、通信的过程', '.将模拟信号转换成脉冲数字信号的过程', '把多个信号组合起来在一条物理电缆上进行传输的过程', 'C', '0', '1');
INSERT INTO `t_choice` VALUES ('115', '1', '局域网操作系统中最重要与最基础的网络服务功能是（）', '.通信服务 ', '.信息服务 ', '.网络管理服务 ', '.文件服务', 'D', '0', '1');
INSERT INTO `t_choice` VALUES ('116', '1', '计算机病毒是一段人为制造的程序，若在一台计算机的（）该程序，则说明该计算机系统已被感染上病毒。', '屏幕上出现', '内存中驻留   ', '.软盘上含有', '.某个文件中包含', 'C', '0', '1');
INSERT INTO `t_choice` VALUES ('117', '1', '计算机系统内部中，传送信息常用的总线类型有（  ）。', '代码总线 ', '数据总线', '控制总线', '地址总线 ', 'BCD', '1', '1');
INSERT INTO `t_choice` VALUES ('118', '1', '二进制数的主要优越性有（  ）。', '技术可行', '运算简单', '计算速度快', '计算精度高', 'ABC', '1', '1');
INSERT INTO `t_choice` VALUES ('119', '1', '与低级程序设计语言相比，用高级语言编写的程序其主要优点有（   ）。', '通用性强', '交流方便 ', '执行效率高 ', '学习、掌握容易', 'ABD', '1', '1');
INSERT INTO `t_choice` VALUES ('120', '1', '媒体是指表示及传播信息的载体，如（  ）等都是媒体。', '文字', '声音', '图像', '桌面', 'ABC', '1', '1');
INSERT INTO `t_choice` VALUES ('121', '1', '据统计，计算机病毒扩散的主要途径有（  ）。', '软件复制 ', '网络传播', '磁盘拷贝', '运行带宏的办公文件', 'ABCD', '1', '1');
INSERT INTO `t_choice` VALUES ('122', '1', '利用Word系统进行文字处理时，经常使用“剪贴板”来完成相应功能。通常用到与“剪贴板”有关操作的是（　）。', '选定　', '剪切', '粘贴', '复制', 'ABCD', '1', '1');
INSERT INTO `t_choice` VALUES ('123', '2', '计算机联网的基本目的有', '资源共享', '数据通信', '信息处理', '电子商务', 'AB', '1', '1');
INSERT INTO `t_choice` VALUES ('124', '2', '计算机外存储器与内存储器相比具有(　　)等优点', '存储容量大', '存取速度快', '存取速度慢', '信息可长期保存', 'AD', '1', '1');
INSERT INTO `t_choice` VALUES ('125', '2', '计算机病毒的主要特点有', '传染性', '安全性', '潜伏性', '破坏性', 'ACD', '1', '1');
INSERT INTO `t_choice` VALUES ('126', '2', '在Windows系统中，常用的菜单有（　　）几种类型', '控制菜单', '快捷菜单', '对话菜单', '录入菜单', 'AB', '1', '1');
INSERT INTO `t_choice` VALUES ('127', '3', '计算机中，存储容量的大小单位有（）。', 'bit ', '.Byte', '.KB ', 'MB', 'ABCD', '1', '1');
INSERT INTO `t_choice` VALUES ('128', '3', '计算机联网的目的有（）', '资源共享', '数据通信', '信息处理', '协同工作', 'ABD', '1', '1');
INSERT INTO `t_choice` VALUES ('129', '3', '关于ASCII码，以下表述正确的有（ ', '.是一种国际通用字符编码  ', '其基本集包括 128个字符 ', '是美国标准信息交换码的简称 ', '每个字符由8位二进制构成', 'ABC', '1', '1');
INSERT INTO `t_choice` VALUES ('130', '3', '计算机操作系统的功能是（ ）。', '把源程序代码转换成目标代码', '实现用户和计算机之间的接口', '成硬件与软件之间的协调运行', '.控制计算机资源及程序', 'BCD', '1', '1');
INSERT INTO `t_choice` VALUES ('131', '4', '防止计算机感染病毒的有效方法是（）。', '不用带毒盘片 ', '在硬盘上安装防火墙软件    ', '定期对硬盘进行格式化', '进行联网操作  ', 'AB', '1', '1');
INSERT INTO `t_choice` VALUES ('132', '4', '在Windows系统的资源管理器中可完成（）。', '文字处理 ', '.文件操作   ', '文件夹操作  ', '格式化磁盘', 'BCD', '1', '1');
INSERT INTO `t_choice` VALUES ('133', '4', '多媒体技术的应用主要包括（）。', '信息管理  ', '文字处理          ', '.辅助设计', '多媒体通信    ', 'AD', '1', '1');
INSERT INTO `t_choice` VALUES ('134', '4', '用Word系统进行文档编辑时，移动选定内容可采用的方法有（）。', '拖动/放置  ', '剪切/定位/粘贴', '复制/粘贴', '.定位/粘贴 ', 'AB', '1', '1');
INSERT INTO `t_choice` VALUES ('135', '4', '在Excel系统中，向单元格内输入文字时，如果已经填满了一个单元格，光标到了单元格边线后还继续输入，则可能出现的情况是（）。', '把单元格向下扩大一行，新输入的内容自动转到本单元格下一行左端', '把单元格向右扩大一列，新输入的内容继续向右延伸', '新输入的内容继续向右延伸，本单元格边线被破坏', '新输入的内容继续向右延伸，本单元格边线不被破坏', 'ABC', '1', '1');
INSERT INTO `t_choice` VALUES ('136', '5', '数据库中常见的数据结构模型包括（ ）。', '概念模型 ', '关系模型   ', '.网状模型', '层次模型', 'BCD', '1', '1');
INSERT INTO `t_choice` VALUES ('137', '1', '下列说法正确的是（  ）。', '通过网络盗取他人密码只是思想意识问题', '色情、暴力网站不会对青少年产生负面影响', '恶意制造网络病毒属于计算机犯罪', '沉迷于网络游戏不会影响青少年的身心健康', 'C', '0', '1');
INSERT INTO `t_choice` VALUES ('138', '1', '“华南虎”事件是人为制造的假新闻，这说明信息具有（  ）。', '共享性', '时效性 ', '真伪性', '价值相对性', 'C', '0', '1');
INSERT INTO `t_choice` VALUES ('139', '1', '如果作为Windows中的文件名，合法的是（  ）。', 'ABC①.def ', 'ABC？.exe', 'ABC*.com', 'ABC/.pdf', 'A', '0', '1');
INSERT INTO `t_choice` VALUES ('140', '1', '计算机存储器单位Byte称为', '位 ', '字节', '机器字', '字长', 'B', '0', '1');
INSERT INTO `t_choice` VALUES ('141', '1', '计算机系统中使用的GB2312-80编码是一种', '英文的编码', '英文的编码', '通用字符的编码', '通用字符的编码', 'B', '0', '1');
INSERT INTO `t_choice` VALUES ('142', '1', '下面属于操作系统软件的是', 'Windows', 'Office', 'Internet Explorer', 'PhotoShop', 'A', '0', '1');
INSERT INTO `t_choice` VALUES ('143', '1', '为网络信息交换而制定的规则称为', '协议', '拓扑结构　', '模型', '体系结构', 'A', '0', '1');
INSERT INTO `t_choice` VALUES ('144', '1', '（　）是为网络中各用户提供服务并管理整个网络的，是整个网络的核心。', '工作站', '服务器', '外围设备', '通信协议', 'B', '0', '1');
INSERT INTO `t_choice` VALUES ('145', '2', '计算机系统是指', '主机和外部设备', '主机、显示器、键盘、鼠标', '运控器、存储器、外部设备', '硬件系统和软件系统', 'D', '0', '1');
INSERT INTO `t_choice` VALUES ('146', '2', '一个完整的计算机系统包括（  ）。', '主机、键盘和显示器', '系统软件与应用软件', '运算器、控制器和存储器', '硬件系统与软件系统', 'D', '0', '1');
INSERT INTO `t_choice` VALUES ('147', '2', '下列各进制数中，数值最小的是（  ）。', '(101001)2 ', '(520)8', '(2B)16 ', '(44)10', 'A', '0', '1');
INSERT INTO `t_choice` VALUES ('148', '2', ' 一个字符的ASCII码只用（  ）二进制编码就可以表示。', '5位', '6位', '7位', '8位', 'C', '0', '1');
INSERT INTO `t_choice` VALUES ('149', '2', '计算机能直接识别的程序是（  ）。', '源程序', '机器语言程序', '汇编语言程序', '低级语言程序', 'B', '0', '1');
INSERT INTO `t_choice` VALUES ('150', '2', '某学校的学生成绩管理软件是（  ）。', '应用软件', '系统软件', '工具软件', '编辑软件', 'A', '0', '1');
INSERT INTO `t_choice` VALUES ('151', '2', '在计算机运行时，把程序和数据一起存放在内存中，这是1946年由（  ）领导的小组正式提出并论证的。', '图灵', '布尔', '冯·诺依曼', '爱因斯坦', 'C', '0', '1');
INSERT INTO `t_choice` VALUES ('152', '2', 'Windows系统的剪贴板式（  ）中的一块区域。', '硬盘', '软盘', '内存', '光盘', 'C', '0', '1');
INSERT INTO `t_choice` VALUES ('153', '3', '以下（  ）的文件被称为文本文件。', '以EXE为扩展名', '以TXT为扩展名', '以COM为扩展名', '以PPS为扩展名', 'B', '0', '1');
INSERT INTO `t_choice` VALUES ('154', '3', '（  ）是办公自动化系统的关键设备。', '计算机', '交换机', '复印机', '路由器', 'A', '0', '1');
INSERT INTO `t_choice` VALUES ('155', '3', '在Word应用中，完成“粘贴”功能的组合键是（  ）。', 'Ctrl+V ', 'Ctrl+Z ', ' Ctrl+C', 'Ctrl+E', 'A', '0', '1');
INSERT INTO `t_choice` VALUES ('156', '3', '当向Excel工作表的单元格中输入公式时，使用单元格地址D$2引用D列第2行单元格的内容，该单元格的引用称为（  ）。', '相对地址引用', '绝对地址引用', '交叉地址引用', '混合地址引用', 'D', '0', '1');
INSERT INTO `t_choice` VALUES ('157', '3', 'PowerPoint2003演示文稿文件的默认的扩展名为（  ）。', 'PPS ', 'PPT', 'PPW', 'PPN', 'B', '0', '1');
INSERT INTO `t_choice` VALUES ('158', '3', 'Internet采用的协议体系结构是（  ）。', 'OSI 参考模型 ', 'TCP/IP体系结构', 'ISO模型 ', '7层体系结构', 'B', '0', '1');
INSERT INTO `t_choice` VALUES ('159', '3', '在数据通信过程中，将模拟信号还原成数字信号的过程叫做（  ）。', '流量控制', '差错控制', '调制', '解调', 'D', '0', '1');
INSERT INTO `t_choice` VALUES ('160', '3', '为网络数据交换而制定的规则、约定和标准称为（  ）。', '协议 ', '体系结构', '模型 ', '网络拓扑', 'A', '0', '1');
INSERT INTO `t_choice` VALUES ('161', '3', 'USB是一种', '中央处理器', '通用串行总线接口', '不间断电源　', '显示器', 'B', '0', '1');
INSERT INTO `t_choice` VALUES ('162', '4', '十进制数13转换为等价的二进制数的结果为', '2.0', '8.0', '16.0', '44.0', 'A', '0', '1');
INSERT INTO `t_choice` VALUES ('163', '4', '我们通常所说的“裸机”指的是', '只装备有操作系统的计算机', '不带输入输出设备的计算机', '未装备任何软件的计算机', '计算机主机暴露在外', 'C', '0', '1');
INSERT INTO `t_choice` VALUES ('164', '4', '用计算机进行资料检索是属于计算机应用中的', '数据处理', '科学计算', '实时控制', '人工智能', 'A', '0', '1');
INSERT INTO `t_choice` VALUES ('165', '4', '在Excel系统默认情况下，单元格地址使用的是', '相对引用　　　　　　　　', '绝对引用', '混合应用', 'RC引用', 'A', '0', '1');
INSERT INTO `t_choice` VALUES ('166', '4', '在PowerPoint系统中，默认演示文稿的扩展名是', 'PNG　　　　　　　　　　', 'PPT', 'PPS', 'POT', 'B', '0', '1');
INSERT INTO `t_choice` VALUES ('167', '4', '数据库中，表的一行可以叫做', '一条记录　　　　　　　　', '一个字节', '一项属性', '一个关系', 'A', '0', '1');
INSERT INTO `t_choice` VALUES ('168', '4', '所谓媒体是指', '表示和传播信息的载体　', '各种信息的编码', '计算机输入与输出的信息', '计算机屏幕显示的信息', 'A', '0', '1');
INSERT INTO `t_choice` VALUES ('169', '4', '我国颁布的《计算机软件保护条例》最主要是保护（　　）的利益', '使用软件的用户', '销售软件的商家', '软件的开发者', '软件的管理部门', 'C', '0', '1');
INSERT INTO `t_choice` VALUES ('170', '4', '计算机网络设备中的HUB是指', '集线器　', '网关', '路由器', '网桥', 'A', '0', '1');
INSERT INTO `t_choice` VALUES ('171', '4', '在计算机网络中，表征数据传输可靠性的指标是', '传输率　　　　　　　　　', '误码率', '信息容量', '频带利用率', 'B', '0', '1');
INSERT INTO `t_choice` VALUES ('172', '4', '在Windows系统及其应用程序中，菜单是系统功能的体现。若当前某项菜单中有淡字项，则表示该功能（　　）。', '其设置当前无效', '用户当前不能使用', '一般用户不能使用', '将弹出下一级菜单', 'B', '0', '1');
INSERT INTO `t_choice` VALUES ('173', '5', '在MS-DOS及Windows系统中，进行查找操作时，可使用“*”代替所在位置的任意字符串，称为通配符，其作用是（　）', '便于一次处理多个文件', '便于别一个文件', '便于给一个文件取名', '便于保存一个文件', 'A', '0', '1');
INSERT INTO `t_choice` VALUES ('174', '5', '在Word系统中，进行“粘贴”的组合键是', 'Ctrl+X', 'Ctrl+V', 'Ctrl+C　', 'Ctrl+A', 'B', '0', '1');
INSERT INTO `t_choice` VALUES ('175', '5', '1. 计算机的发展大体可（按其组成的器件）分为（）阶段', '.六', '五 ', '.四 ', '.三', 'C', '0', '1');
INSERT INTO `t_choice` VALUES ('176', '5', '计算机中的运算器能进行（）', '加法和减法运算 ', '算术运算和逻辑运算 ', '算术运算和逻辑运算 ', '算术运算和逻辑运算 ', 'B', '0', '1');
INSERT INTO `t_choice` VALUES ('177', '5', '计算机软件是指所使用的（）', '各种程序的集合', '.有关的文档资料', '各种指令的集合', '.数据、程序和文档资料的集合', 'D', '0', '1');
INSERT INTO `t_choice` VALUES ('178', '5', '微型计算机系统采用总线结构连接CPU、存储器和外部设备。总线通常由三部分组成，它们是（）。', '.数据总线、地址总线和控制总线', '数据总线、信息总线和传输总线', '.地址总线、运算总线和逻辑总线', '逻辑总线、传输总线和通讯总线', 'A', '0', '1');
INSERT INTO `t_choice` VALUES ('179', '5', '下列那个数最大（）。', '.(10101111)2 ', '(210)8', '(AB)16 ', 'D32', 'A', '0', '1');
INSERT INTO `t_choice` VALUES ('180', '5', '在计算机系统中，CAD表示（）', '.计算机辅助教学', '计算机辅助设计', '计算机辅助测试', '计算机辅助制造', 'B', '0', '1');
INSERT INTO `t_choice` VALUES ('181', '5', '获取指令、决定指令的执行顺序，向相应的硬件部件发送指令，这是（）的基本功能。', '运算器', '控制器', '内存储器', '输入/输出设备', 'B', '0', '1');
INSERT INTO `t_choice` VALUES ('182', '5', 'Visual Basic是一种（）程序设计语言。', '面向机器', '面向过程', '面向事件', '面向对象', 'D', '0', '1');
INSERT INTO `t_choice` VALUES ('183', '1', 'Windows系统所提供的剪贴板，实际上是（）', '一段连续的硬盘区域', '一段连续的内存区域', '一个多媒体应用程序', '.应用程序之间进行数据交换的工具', 'B', '0', '1');
INSERT INTO `t_choice` VALUES ('184', '1', '在MS-DOS及Windows系统中，操作文件时使用通配符的作用是（）', '便于一次处理多个文件', '便于识别一个文件', '便于给一个文件取名', '便于保存一个文件', 'A', '0', '1');
INSERT INTO `t_choice` VALUES ('185', '1', '在Windows系统中，若在某菜单中有淡字项，则表示该功能（）', '一般用户不能使用', '将弹出下一级菜单', '其设置当前无效', '用户当前不能使用', 'D', '0', '1');
INSERT INTO `t_choice` VALUES ('186', '1', '若需将WORD系统的“打开”对话框以图形方式置于当前编排的文档中，应先选择“文件”菜单下的“打开”功能，进入其对话框后按（）键，将其复制到剪贴板中，再重新回到编辑状态下，光标定位后单击常用工具栏上的“粘贴”按钮。', 'Print Screen ', ' Ctrl+Print Screen', '. Alt+Print Screen  ', 'Shift+Print Screen', 'C', '0', '1');
INSERT INTO `t_choice` VALUES ('187', '1', '在Excel系统的工作表中，当前单元格只能是（）。', '单元格指针选定的一个 ', '.选中的一行  ', '选中的区域 ', '.选中的一列', 'A', '0', '1');
INSERT INTO `t_choice` VALUES ('188', '1', '在Excel工作表某单元格中，输入了公式“=AVERAGE(C3:E6,F8)”,其作用是（）', '求C3~E6和F8单元格的和 ', '求C3~E6单元格的和', '.求C3~E6和F8单元格的平均值 ', '求C3~E6单元格的平均值', 'C', '0', '1');
INSERT INTO `t_choice` VALUES ('189', '1', '中文PowerPoint系统是一个（）软件。', '文字处理 ', '.表格处理 ', '.图形处理 ', '.文稿演示', 'D', '0', '1');
INSERT INTO `t_choice` VALUES ('190', '2', '表征数据传输可靠性的指标是（）', '.误码率 ', '.信道容量', '传输速率 ', '.频带利用率', 'A', '0', '1');
INSERT INTO `t_choice` VALUES ('191', '2', 'MODEM是用户上网时的一个信号转换设备，其“解调”功能是指（）。', '将脉冲数字信号转换成模拟信号的过程', '.在相互连接的两个局域网间进行双向的传送、通信的过程', '.将模拟信号转换成脉冲数字信号的过程', '把多个信号组合起来在一条物理电缆上进行传输的过程', 'C', '0', '1');
INSERT INTO `t_choice` VALUES ('192', '2', '局域网操作系统中最重要与最基础的网络服务功能是（）', '.通信服务 ', '.信息服务 ', '.网络管理服务 ', '.文件服务', 'D', '0', '1');
INSERT INTO `t_choice` VALUES ('193', '2', '计算机病毒是一段人为制造的程序，若在一台计算机的（）该程序，则说明该计算机系统已被感染上病毒。', '屏幕上出现', '内存中驻留   ', '.软盘上含有', '.某个文件中包含', 'C', '0', '1');
INSERT INTO `t_choice` VALUES ('194', '2', '不能作为计算机输出设备的是（  ）。', '硬盘', '光盘', '摄像头', '打印机', 'C', '0', '1');
INSERT INTO `t_choice` VALUES ('195', '2', '计算机数据库系统中，数据类型中没有（  ）。', '货币型', '备注型', '科学型 ', '逻辑型', 'C', '0', '1');
INSERT INTO `t_choice` VALUES ('196', '2', '下列说法正确的是（  ）。', '通过网络盗取他人密码只是思想意识问题', '色情、暴力网站不会对青少年产生负面影响', '恶意制造网络病毒属于计算机犯罪', '沉迷于网络游戏不会影响青少年的身心健康', 'C', '0', '1');
INSERT INTO `t_choice` VALUES ('197', '3', '“华南虎”事件是人为制造的假新闻，这说明信息具有（  ）。', '共享性', '时效性 ', '真伪性', '价值相对性', 'C', '0', '1');
INSERT INTO `t_choice` VALUES ('198', '3', '如果作为Windows中的文件名，合法的是（  ）。', 'ABC①.def ', 'ABC？.exe', 'ABC*.com', 'ABC/.pdf', 'A', '0', '1');
INSERT INTO `t_choice` VALUES ('199', '3', '计算机存储器单位Byte称为', '位 ', '字节', '机器字', '字长', 'B', '0', '1');
INSERT INTO `t_choice` VALUES ('200', '3', '计算机系统中使用的GB2312-80编码是一种', '英文的编码', '英文的编码', '通用字符的编码', '通用字符的编码', 'B', '0', '1');
INSERT INTO `t_choice` VALUES ('201', '3', '下面属于操作系统软件的是', 'Windows', 'Office', 'Internet Explorer', 'PhotoShop', 'A', '0', '1');
INSERT INTO `t_choice` VALUES ('202', '3', '为网络信息交换而制定的规则称为', '协议', '拓扑结构　', '模型', '体系结构', 'A', '0', '1');
INSERT INTO `t_choice` VALUES ('203', '3', '（　）是为网络中各用户提供服务并管理整个网络的，是整个网络的核心。', '工作站', '服务器', '外围设备', '通信协议', 'B', '0', '1');
INSERT INTO `t_choice` VALUES ('204', '3', '计算机系统是指', '主机和外部设备', '主机、显示器、键盘、鼠标', '运控器、存储器、外部设备', '硬件系统和软件系统', 'D', '0', '1');
INSERT INTO `t_choice` VALUES ('205', '3', '一个完整的计算机系统包括（  ）。', '主机、键盘和显示器', '系统软件与应用软件', '运算器、控制器和存储器', '硬件系统与软件系统', 'D', '0', '1');
INSERT INTO `t_choice` VALUES ('206', '3', '下列各进制数中，数值最小的是（  ）。', '(101001)2 ', '(520)8', '(2B)16 ', '(44)10', 'A', '0', '1');
INSERT INTO `t_choice` VALUES ('207', '3', ' 一个字符的ASCII码只用（  ）二进制编码就可以表示。', '5位', '6位', '7位', '8位', 'C', '0', '1');
INSERT INTO `t_choice` VALUES ('208', '4', '计算机能直接识别的程序是（  ）。', '源程序', '机器语言程序', '汇编语言程序', '低级语言程序', 'B', '0', '1');
INSERT INTO `t_choice` VALUES ('209', '4', '某学校的学生成绩管理软件是（  ）。', '应用软件', '系统软件', '工具软件', '编辑软件', 'A', '0', '1');
INSERT INTO `t_choice` VALUES ('210', '4', '在计算机运行时，把程序和数据一起存放在内存中，这是1946年由（  ）领导的小组正式提出并论证的。', '图灵', '布尔', '冯·诺依曼', '爱因斯坦', 'C', '0', '1');
INSERT INTO `t_choice` VALUES ('211', '4', 'Windows系统的剪贴板式（  ）中的一块区域。', '硬盘', '软盘', '内存', '光盘', 'C', '0', '1');
INSERT INTO `t_choice` VALUES ('212', '4', '以下（  ）的文件被称为文本文件。', '以EXE为扩展名', '以TXT为扩展名', '以COM为扩展名', '以PPS为扩展名', 'B', '0', '1');
INSERT INTO `t_choice` VALUES ('213', '4', '（  ）是办公自动化系统的关键设备。', '计算机', '交换机', '复印机', '路由器', 'A', '0', '1');
INSERT INTO `t_choice` VALUES ('214', '4', '在Word应用中，完成“粘贴”功能的组合键是（  ）。', 'Ctrl+V ', 'Ctrl+Z ', ' Ctrl+C', 'Ctrl+E', 'A', '0', '1');
INSERT INTO `t_choice` VALUES ('215', '4', '当向Excel工作表的单元格中输入公式时，使用单元格地址D$2引用D列第2行单元格的内容，该单元格的引用称为（  ）。', '相对地址引用', '绝对地址引用', '交叉地址引用', '混合地址引用', 'D', '0', '1');
INSERT INTO `t_choice` VALUES ('216', '4', 'PowerPoint2003演示文稿文件的默认的扩展名为（  ）。', 'PPS ', 'PPT', 'PPW', 'PPN', 'B', '0', '1');
INSERT INTO `t_choice` VALUES ('217', '5', 'Internet采用的协议体系结构是（  ）。', 'OSI 参考模型 ', 'TCP/IP体系结构', 'ISO模型 ', '7层体系结构', 'B', '0', '1');
INSERT INTO `t_choice` VALUES ('218', '5', '在数据通信过程中，将模拟信号还原成数字信号的过程叫做（  ）。', '流量控制', '差错控制', '调制', '解调', 'D', '0', '1');
INSERT INTO `t_choice` VALUES ('219', '5', '为网络数据交换而制定的规则、约定和标准称为（  ）。', '协议 ', '体系结构', '模型 ', '网络拓扑', 'A', '0', '1');
INSERT INTO `t_choice` VALUES ('220', '5', 'USB是一种', '中央处理器', '通用串行总线接口', '不间断电源　', '显示器', 'B', '0', '1');
INSERT INTO `t_choice` VALUES ('221', '5', '十进制数13转换为等价的二进制数的结果为', '2.0', '8.0', '16.0', '44.0', 'A', '0', '1');
INSERT INTO `t_choice` VALUES ('222', '5', '我们通常所说的“裸机”指的是', '只装备有操作系统的计算机', '不带输入输出设备的计算机', '未装备任何软件的计算机', '计算机主机暴露在外', 'C', '0', '1');
INSERT INTO `t_choice` VALUES ('223', '5', '用计算机进行资料检索是属于计算机应用中的', '数据处理', '科学计算', '实时控制', '人工智能', 'A', '0', '1');
INSERT INTO `t_choice` VALUES ('224', '5', '在Excel系统默认情况下，单元格地址使用的是', '相对引用　　　　　　　　', '绝对引用', '混合应用', 'RC引用', 'A', '0', '1');
INSERT INTO `t_choice` VALUES ('225', '5', '在PowerPoint系统中，默认演示文稿的扩展名是', 'PNG　　　　　　　　　　', 'PPT', 'PPS', 'POT', 'B', '0', '1');
INSERT INTO `t_choice` VALUES ('226', '1', '数据库中，表的一行可以叫做', '一条记录　　　　　　　　', '一个字节', '一项属性', '一个关系', 'A', '0', '1');
INSERT INTO `t_choice` VALUES ('227', '1', '所谓媒体是指', '表示和传播信息的载体　', '各种信息的编码', '计算机输入与输出的信息', '计算机屏幕显示的信息', 'A', '0', '1');
INSERT INTO `t_choice` VALUES ('228', '1', '我国颁布的《计算机软件保护条例》最主要是保护（　　）的利益', '使用软件的用户', '销售软件的商家', '软件的开发者', '软件的管理部门', 'C', '0', '1');
INSERT INTO `t_choice` VALUES ('229', '1', '计算机网络设备中的HUB是指', '集线器　', '网关', '路由器', '网桥', 'A', '0', '1');
INSERT INTO `t_choice` VALUES ('230', '1', '在计算机网络中，表征数据传输可靠性的指标是', '传输率　　　　　　　　　', '误码率', '信息容量', '频带利用率', 'B', '0', '1');
INSERT INTO `t_choice` VALUES ('231', '1', '在Windows系统及其应用程序中，菜单是系统功能的体现。若当前某项菜单中有淡字项，则表示该功能（　　）。', '其设置当前无效', '用户当前不能使用', '一般用户不能使用', '将弹出下一级菜单', 'B', '0', '1');
INSERT INTO `t_choice` VALUES ('232', '1', '在MS-DOS及Windows系统中，进行查找操作时，可使用“*”代替所在位置的任意字符串，称为通配符，其作用是（　）', '便于一次处理多个文件', '便于别一个文件', '便于给一个文件取名', '便于保存一个文件', 'A', '0', '1');
INSERT INTO `t_choice` VALUES ('233', '1', '在Word系统中，进行“粘贴”的组合键是', 'Ctrl+X', 'Ctrl+V', 'Ctrl+C　', 'Ctrl+A', 'B', '0', '1');
INSERT INTO `t_choice` VALUES ('234', '1', '1. 计算机的发展大体可（按其组成的器件）分为（）阶段', '.六', '五 ', '.四 ', '.三', 'C', '0', '1');
INSERT INTO `t_choice` VALUES ('235', '1', '计算机中的运算器能进行（）', '加法和减法运算 ', '算术运算和逻辑运算 ', '算术运算和逻辑运算 ', '算术运算和逻辑运算 ', 'B', '0', '1');
INSERT INTO `t_choice` VALUES ('236', '1', '计算机软件是指所使用的（）', '各种程序的集合', '.有关的文档资料', '各种指令的集合', '.数据、程序和文档资料的集合', 'D', '0', '1');
INSERT INTO `t_choice` VALUES ('237', '1', '微型计算机系统采用总线结构连接CPU、存储器和外部设备。总线通常由三部分组成，它们是（）。', '.数据总线、地址总线和控制总线', '数据总线、信息总线和传输总线', '.地址总线、运算总线和逻辑总线', '逻辑总线、传输总线和通讯总线', 'A', '0', '1');
INSERT INTO `t_choice` VALUES ('238', '1', '下列那个数最大（）。', '.(10101111)2 ', '(210)8', '(AB)16 ', 'D32', 'A', '0', '1');
INSERT INTO `t_choice` VALUES ('239', '1', '在计算机系统中，CAD表示（）', '.计算机辅助教学', '计算机辅助设计', '计算机辅助测试', '计算机辅助制造', 'B', '0', '1');
INSERT INTO `t_choice` VALUES ('240', '1', '获取指令、决定指令的执行顺序，向相应的硬件部件发送指令，这是（）的基本功能。', '运算器', '控制器', '内存储器', '输入/输出设备', 'B', '0', '1');
INSERT INTO `t_choice` VALUES ('241', '1', 'Visual Basic是一种（）程序设计语言。', '面向机器', '面向过程', '面向事件', '面向对象', 'D', '0', '1');
INSERT INTO `t_choice` VALUES ('242', '1', 'Windows系统所提供的剪贴板，实际上是（）', '一段连续的硬盘区域', '一段连续的内存区域', '一个多媒体应用程序', '.应用程序之间进行数据交换的工具', 'B', '0', '1');
INSERT INTO `t_choice` VALUES ('243', '1', '在MS-DOS及Windows系统中，操作文件时使用通配符的作用是（）', '便于一次处理多个文件', '便于识别一个文件', '便于给一个文件取名', '便于保存一个文件', 'A', '0', '1');
INSERT INTO `t_choice` VALUES ('244', '1', '在Windows系统中，若在某菜单中有淡字项，则表示该功能（）', '一般用户不能使用', '将弹出下一级菜单', '其设置当前无效', '用户当前不能使用', 'D', '0', '1');
INSERT INTO `t_choice` VALUES ('245', '1', '若需将WORD系统的“打开”对话框以图形方式置于当前编排的文档中，应先选择“文件”菜单下的“打开”功能，进入其对话框后按（）键，将其复制到剪贴板中，再重新回到编辑状态下，光标定位后单击常用工具栏上的“粘贴”按钮。', 'Print Screen ', ' Ctrl+Print Screen', '. Alt+Print Screen  ', 'Shift+Print Screen', 'C', '0', '1');
INSERT INTO `t_choice` VALUES ('246', '1', '在Excel系统的工作表中，当前单元格只能是（）。', '单元格指针选定的一个 ', '.选中的一行  ', '选中的区域 ', '.选中的一列', 'A', '0', '1');
INSERT INTO `t_choice` VALUES ('247', '1', '在Excel工作表某单元格中，输入了公式“=AVERAGE(C3:E6,F8)”,其作用是（）', '求C3~E6和F8单元格的和 ', '求C3~E6单元格的和', '.求C3~E6和F8单元格的平均值 ', '求C3~E6单元格的平均值', 'C', '0', '1');
INSERT INTO `t_choice` VALUES ('248', '1', '中文PowerPoint系统是一个（）软件。', '文字处理 ', '.表格处理 ', '.图形处理 ', '.文稿演示', 'D', '0', '1');
INSERT INTO `t_choice` VALUES ('249', '1', '表征数据传输可靠性的指标是（）', '.误码率 ', '.信道容量', '传输速率 ', '.频带利用率', 'A', '0', '1');
INSERT INTO `t_choice` VALUES ('250', '1', 'MODEM是用户上网时的一个信号转换设备，其“解调”功能是指（）。', '将脉冲数字信号转换成模拟信号的过程', '.在相互连接的两个局域网间进行双向的传送、通信的过程', '.将模拟信号转换成脉冲数字信号的过程', '把多个信号组合起来在一条物理电缆上进行传输的过程', 'C', '0', '1');
INSERT INTO `t_choice` VALUES ('251', '1', '局域网操作系统中最重要与最基础的网络服务功能是（）', '.通信服务 ', '.信息服务 ', '.网络管理服务 ', '.文件服务', 'D', '0', '1');
INSERT INTO `t_choice` VALUES ('252', '1', '计算机病毒是一段人为制造的程序，若在一台计算机的（）该程序，则说明该计算机系统已被感染上病毒。', '屏幕上出现', '内存中驻留   ', '.软盘上含有', '.某个文件中包含', 'C', '0', '1');
INSERT INTO `t_choice` VALUES ('253', '1', '计算机系统内部中，传送信息常用的总线类型有（  ）。', '代码总线 ', '数据总线', '控制总线', '地址总线 ', 'BCD', '1', '1');
INSERT INTO `t_choice` VALUES ('254', '1', '二进制数的主要优越性有（  ）。', '技术可行', '运算简单', '计算速度快', '计算精度高', 'ABC', '1', '1');
INSERT INTO `t_choice` VALUES ('255', '1', '与低级程序设计语言相比，用高级语言编写的程序其主要优点有（   ）。', '通用性强', '交流方便 ', '执行效率高 ', '学习、掌握容易', 'ABD', '1', '1');
INSERT INTO `t_choice` VALUES ('256', '1', '媒体是指表示及传播信息的载体，如（  ）等都是媒体。', '文字', '声音', '图像', '桌面', 'ABC', '1', '1');
INSERT INTO `t_choice` VALUES ('257', '1', '据统计，计算机病毒扩散的主要途径有（  ）。', '软件复制 ', '网络传播', '磁盘拷贝', '运行带宏的办公文件', 'ABCD', '1', '1');
INSERT INTO `t_choice` VALUES ('258', '1', '利用Word系统进行文字处理时，经常使用“剪贴板”来完成相应功能。通常用到与“剪贴板”有关操作的是（　）。', '选定　', '剪切', '粘贴', '复制', 'ABCD', '1', '1');
INSERT INTO `t_choice` VALUES ('259', '2', '计算机联网的基本目的有', '资源共享', '数据通信', '信息处理', '电子商务', 'AB', '1', '1');
INSERT INTO `t_choice` VALUES ('260', '2', '计算机外存储器与内存储器相比具有(　　)等优点', '存储容量大', '存取速度快', '存取速度慢', '信息可长期保存', 'AD', '1', '1');
INSERT INTO `t_choice` VALUES ('261', '2', '计算机病毒的主要特点有', '传染性', '安全性', '潜伏性', '破坏性', 'ACD', '1', '1');
INSERT INTO `t_choice` VALUES ('262', '2', '在Windows系统中，常用的菜单有（　　）几种类型', '控制菜单', '快捷菜单', '对话菜单', '录入菜单', 'AB', '1', '1');
INSERT INTO `t_choice` VALUES ('263', '3', '计算机中，存储容量的大小单位有（）。', 'bit ', '.Byte', '.KB ', 'MB', 'ABCD', '1', '1');
INSERT INTO `t_choice` VALUES ('264', '3', '计算机联网的目的有（）', '资源共享', '数据通信', '信息处理', '协同工作', 'ABD', '1', '1');
INSERT INTO `t_choice` VALUES ('265', '3', '关于ASCII码，以下表述正确的有（ ', '.是一种国际通用字符编码  ', '其基本集包括 128个字符 ', '是美国标准信息交换码的简称 ', '每个字符由8位二进制构成', 'ABC', '1', '1');
INSERT INTO `t_choice` VALUES ('266', '3', '计算机操作系统的功能是（ ）。', '把源程序代码转换成目标代码', '实现用户和计算机之间的接口', '成硬件与软件之间的协调运行', '.控制计算机资源及程序', 'BCD', '1', '1');
INSERT INTO `t_choice` VALUES ('267', '4', '防止计算机感染病毒的有效方法是（）。', '不用带毒盘片 ', '在硬盘上安装防火墙软件    ', '定期对硬盘进行格式化', '进行联网操作  ', 'AB', '1', '1');
INSERT INTO `t_choice` VALUES ('268', '4', '在Windows系统的资源管理器中可完成（）。', '文字处理 ', '.文件操作   ', '文件夹操作  ', '格式化磁盘', 'BCD', '1', '1');
INSERT INTO `t_choice` VALUES ('269', '4', '多媒体技术的应用主要包括（）。', '信息管理  ', '文字处理          ', '.辅助设计', '多媒体通信    ', 'AD', '1', '1');
INSERT INTO `t_choice` VALUES ('270', '4', '用Word系统进行文档编辑时，移动选定内容可采用的方法有（）。', '拖动/放置  ', '剪切/定位/粘贴', '复制/粘贴', '.定位/粘贴 ', 'AB', '1', '1');
INSERT INTO `t_choice` VALUES ('271', '4', '在Excel系统中，向单元格内输入文字时，如果已经填满了一个单元格，光标到了单元格边线后还继续输入，则可能出现的情况是（）。', '把单元格向下扩大一行，新输入的内容自动转到本单元格下一行左端', '把单元格向右扩大一列，新输入的内容继续向右延伸', '新输入的内容继续向右延伸，本单元格边线被破坏', '新输入的内容继续向右延伸，本单元格边线不被破坏', 'ABC', '1', '1');
INSERT INTO `t_choice` VALUES ('272', '5', '数据库中常见的数据结构模型包括（ ）。', '概念模型 ', '关系模型   ', '.网状模型', '层次模型', 'BCD', '1', '1');

-- ----------------------------
-- Table structure for t_class
-- ----------------------------
DROP TABLE IF EXISTS `t_class`;
CREATE TABLE `t_class` (
  `ban_id` int(11) NOT NULL AUTO_INCREMENT,
  `ban_name` varchar(255) DEFAULT NULL,
  `available` char(1) NOT NULL DEFAULT '1',
  PRIMARY KEY (`ban_id`)
) ENGINE=InnoDB DEFAULT CHARSET=utf8;

-- ----------------------------
-- Records of t_class
-- ----------------------------

-- ----------------------------
-- Table structure for t_class_paper
-- ----------------------------
DROP TABLE IF EXISTS `t_class_paper`;
CREATE TABLE `t_class_paper` (
  `ban_paper_id` int(11) NOT NULL AUTO_INCREMENT,
  `ban_id` int(11) DEFAULT NULL,
  `paper_id` int(11) DEFAULT NULL,
  `available` char(1) NOT NULL DEFAULT '1',
  PRIMARY KEY (`ban_paper_id`)
) ENGINE=InnoDB DEFAULT CHARSET=utf8;

-- ----------------------------
-- Records of t_class_paper
-- ----------------------------

-- ----------------------------
-- Table structure for t_course
-- ----------------------------
DROP TABLE IF EXISTS `t_course`;
CREATE TABLE `t_course` (
  `course_id` int(11) NOT NULL AUTO_INCREMENT,
  `course_name` varchar(20) DEFAULT NULL,
  `enable` varchar(5) DEFAULT NULL,
  `available` char(1) NOT NULL DEFAULT '1',
  PRIMARY KEY (`course_id`)
) ENGINE=InnoDB AUTO_INCREMENT=6 DEFAULT CHARSET=utf8;

-- ----------------------------
-- Records of t_course
-- ----------------------------
INSERT INTO `t_course` VALUES ('1', '计算二级', '是', '1');
INSERT INTO `t_course` VALUES ('2', 'java二级', '是', '1');
INSERT INTO `t_course` VALUES ('3', 'c++', '是', '1');
INSERT INTO `t_course` VALUES ('4', 'MySql', '是', '1');
INSERT INTO `t_course` VALUES ('5', 'PHP', '否', '1');

-- ----------------------------
-- Table structure for t_exam
-- ----------------------------
DROP TABLE IF EXISTS `t_exam`;
CREATE TABLE `t_exam` (
  `exam_id` int(11) NOT NULL AUTO_INCREMENT,
  `course_id` int(11) DEFAULT NULL,
  `tea_id` int(11) DEFAULT NULL,
  `paper_id` int(11) DEFAULT NULL,
  `exam_time` varchar(30) DEFAULT NULL,
  `exam_addr` varchar(30) DEFAULT NULL,
  `available` char(1) NOT NULL DEFAULT '1',
  PRIMARY KEY (`exam_id`)
) ENGINE=InnoDB DEFAULT CHARSET=utf8;

-- ----------------------------
-- Records of t_exam
-- ----------------------------

-- ----------------------------
-- Table structure for t_judge
-- ----------------------------
DROP TABLE IF EXISTS `t_judge`;
CREATE TABLE `t_judge` (
  `judge_id` int(20) NOT NULL AUTO_INCREMENT COMMENT '编号',
  `course_id` int(20) DEFAULT NULL COMMENT '科目id',
  `judge_title` varchar(255) DEFAULT NULL COMMENT '题目',
  `answer` varchar(255) DEFAULT NULL COMMENT '正确答案',
  `available` char(1) NOT NULL DEFAULT '1',
  PRIMARY KEY (`judge_id`)
) ENGINE=InnoDB AUTO_INCREMENT=51 DEFAULT CHARSET=utf8;

-- ----------------------------
-- Records of t_judge
-- ----------------------------
INSERT INTO `t_judge` VALUES ('1', '1', ' 中央处理器（CPU）是由控制器、外围设备和存储器组成。', '2', '1');
INSERT INTO `t_judge` VALUES ('2', '1', '计算机与其他计算工具的本质区别是它能够存储程序和控制程序。', '1', '1');
INSERT INTO `t_judge` VALUES ('3', '1', '用Alt+PrintScreen可以将活动窗口作为一张图片复制到剪贴板中。', '1', '1');
INSERT INTO `t_judge` VALUES ('4', '1', 'Windows是单用户操作系统。', '1', '1');
INSERT INTO `t_judge` VALUES ('5', '1', '在Windows系统中，既可使用鼠标，又可使用键盘进行操作。因此，二者缺一不可。', '2', '1');
INSERT INTO `t_judge` VALUES ('6', '1', '文件的扩展名一定代表该文件的类型。', '2', '1');
INSERT INTO `t_judge` VALUES ('7', '1', '办公自动化中的计算机网络技术大大提高了系统的价值和水平。', '1', '1');
INSERT INTO `t_judge` VALUES ('8', '1', 'Word系统提供了强大的数据保护功能，即使用户在编辑操作中连续出现多次误删，也可以通过“撤销”功能予以恢复。', '1', '1');
INSERT INTO `t_judge` VALUES ('9', '1', '在PowerPoint系统中，选择“格式”菜单下的“幻灯片配色方案”与“背景”功能的作用是相同的。', '2', '1');
INSERT INTO `t_judge` VALUES ('10', '1', '多媒体压缩技术、人机交互技术和分布式处理技术的出现促进了多媒体系统的产生和发展。', '1', '1');
INSERT INTO `t_judge` VALUES ('11', '1', '在关系数据模型中，交换任意两行的位置将影响数据的实际含义。', '2', '1');
INSERT INTO `t_judge` VALUES ('12', '1', '电子商务配合先进的物流系统，给人们带来网络购物的全新感受。', '1', '1');
INSERT INTO `t_judge` VALUES ('13', '1', '“防火墙”，是指一种将内部网和公众访问（如Internet）分开的方法，实际上是一种隔离技术，它是提供信息安全服务、实现网络和信息安全的基础设施。', '1', '1');
INSERT INTO `t_judge` VALUES ('14', '1', '为了保证计算机正常使用和信息安全，除了防范计算机病毒外，还应该防范黑客攻击和恶意插件等。', '1', '1');
INSERT INTO `t_judge` VALUES ('15', '1', ' 数据安全的最好方法之一是随时进行数据备份。', '1', '1');
INSERT INTO `t_judge` VALUES ('16', '1', '在Word系统中，当前已选择了“文件”菜单下的“打开…”功能，则按键盘上的Alt+Print Screen 键可将“打开”对话框复制到剪贴板中。　　　　　', '1', '1');
INSERT INTO `t_judge` VALUES ('17', '1', '在PowerPoint系统中，必须给每张幻灯片赋予一个文件名才能保存。', '2', '1');
INSERT INTO `t_judge` VALUES ('18', '1', '多媒体计算机可以处理图像和声音信息，但不能处理文字', '2', '1');
INSERT INTO `t_judge` VALUES ('19', '1', '在计算机网络通信中，数据处理主要由通信子网完成，数据传输主要由资源子网完成', '2', '1');
INSERT INTO `t_judge` VALUES ('20', '1', '用户向对方发送电子邮件时，是直接发送到接收者的计算机中进行存储的', '2', '1');
INSERT INTO `t_judge` VALUES ('21', '1', '计算机网络病毒的制造者称为计算机黑客', '2', '1');
INSERT INTO `t_judge` VALUES ('22', '1', '不良信息传播、计算机病毒和网络犯罪是Internet上亟待解决的问题。', '1', '1');
INSERT INTO `t_judge` VALUES ('23', '1', '计算机用于机器人的研究属于人工智能的应用', '1', '1');
INSERT INTO `t_judge` VALUES ('24', '1', '十进制数的小数部分转换为二进制小数可采用乘2取整的方法。　', '1', '1');
INSERT INTO `t_judge` VALUES ('25', '1', 'CAD/CAM是计算机辅助设计/计算机辅助制造的缩写', '1', '1');
INSERT INTO `t_judge` VALUES ('26', '1', ' 中央处理器（CPU）是由控制器、外围设备和存储器组成。', '2', '1');
INSERT INTO `t_judge` VALUES ('27', '1', '计算机与其他计算工具的本质区别是它能够存储程序和控制程序。', '1', '1');
INSERT INTO `t_judge` VALUES ('28', '1', '用Alt+PrintScreen可以将活动窗口作为一张图片复制到剪贴板中。', '1', '1');
INSERT INTO `t_judge` VALUES ('29', '1', 'Windows是单用户操作系统。', '1', '1');
INSERT INTO `t_judge` VALUES ('30', '1', '在Windows系统中，既可使用鼠标，又可使用键盘进行操作。因此，二者缺一不可。', '2', '1');
INSERT INTO `t_judge` VALUES ('31', '1', '文件的扩展名一定代表该文件的类型。', '2', '1');
INSERT INTO `t_judge` VALUES ('32', '1', '办公自动化中的计算机网络技术大大提高了系统的价值和水平。', '1', '1');
INSERT INTO `t_judge` VALUES ('33', '1', 'Word系统提供了强大的数据保护功能，即使用户在编辑操作中连续出现多次误删，也可以通过“撤销”功能予以恢复。', '1', '1');
INSERT INTO `t_judge` VALUES ('34', '1', '在PowerPoint系统中，选择“格式”菜单下的“幻灯片配色方案”与“背景”功能的作用是相同的。', '2', '1');
INSERT INTO `t_judge` VALUES ('35', '1', '多媒体压缩技术、人机交互技术和分布式处理技术的出现促进了多媒体系统的产生和发展。', '1', '1');
INSERT INTO `t_judge` VALUES ('36', '1', '在关系数据模型中，交换任意两行的位置将影响数据的实际含义。', '2', '1');
INSERT INTO `t_judge` VALUES ('37', '1', '电子商务配合先进的物流系统，给人们带来网络购物的全新感受。', '1', '1');
INSERT INTO `t_judge` VALUES ('38', '1', '“防火墙”，是指一种将内部网和公众访问（如Internet）分开的方法，实际上是一种隔离技术，它是提供信息安全服务、实现网络和信息安全的基础设施。', '1', '1');
INSERT INTO `t_judge` VALUES ('39', '1', '为了保证计算机正常使用和信息安全，除了防范计算机病毒外，还应该防范黑客攻击和恶意插件等。', '1', '1');
INSERT INTO `t_judge` VALUES ('40', '1', ' 数据安全的最好方法之一是随时进行数据备份。', '1', '1');
INSERT INTO `t_judge` VALUES ('41', '1', '在Word系统中，当前已选择了“文件”菜单下的“打开…”功能，则按键盘上的Alt+Print Screen 键可将“打开”对话框复制到剪贴板中。　　　　　', '1', '1');
INSERT INTO `t_judge` VALUES ('42', '1', '在PowerPoint系统中，必须给每张幻灯片赋予一个文件名才能保存。', '2', '1');
INSERT INTO `t_judge` VALUES ('43', '1', '多媒体计算机可以处理图像和声音信息，但不能处理文字', '2', '1');
INSERT INTO `t_judge` VALUES ('44', '1', '在计算机网络通信中，数据处理主要由通信子网完成，数据传输主要由资源子网完成', '2', '1');
INSERT INTO `t_judge` VALUES ('45', '1', '用户向对方发送电子邮件时，是直接发送到接收者的计算机中进行存储的', '2', '1');
INSERT INTO `t_judge` VALUES ('46', '1', '计算机网络病毒的制造者称为计算机黑客', '2', '1');
INSERT INTO `t_judge` VALUES ('47', '1', '不良信息传播、计算机病毒和网络犯罪是Internet上亟待解决的问题。', '1', '1');
INSERT INTO `t_judge` VALUES ('48', '1', '计算机用于机器人的研究属于人工智能的应用', '1', '1');
INSERT INTO `t_judge` VALUES ('49', '1', '十进制数的小数部分转换为二进制小数可采用乘2取整的方法。　', '1', '1');
INSERT INTO `t_judge` VALUES ('50', '1', 'CAD/CAM是计算机辅助设计/计算机辅助制造的缩写', '1', '1');

-- ----------------------------
-- Table structure for t_paper
-- ----------------------------
DROP TABLE IF EXISTS `t_paper`;
CREATE TABLE `t_paper` (
  `paper_id` int(11) NOT NULL AUTO_INCREMENT,
  `course_id` int(11) DEFAULT NULL,
  `paper_name` varchar(100) DEFAULT NULL,
  `rule_id` int(11) DEFAULT NULL,
  `paper_time` int(11) DEFAULT NULL,
  `available` char(1) NOT NULL DEFAULT '1',
  PRIMARY KEY (`paper_id`)
) ENGINE=InnoDB AUTO_INCREMENT=2 DEFAULT CHARSET=utf8;

-- ----------------------------
-- Records of t_paper
-- ----------------------------
INSERT INTO `t_paper` VALUES ('1', '1', '期中考试', '1', '90', '1');

-- ----------------------------
-- Table structure for t_paper_rule
-- ----------------------------
DROP TABLE IF EXISTS `t_paper_rule`;
CREATE TABLE `t_paper_rule` (
  `rule_id` int(11) NOT NULL AUTO_INCREMENT,
  `course_id` int(11) DEFAULT NULL,
  `rule_name` varchar(100) DEFAULT NULL,
  `single_choice_ck` text,
  `single_choice_num` int(11) DEFAULT NULL,
  `single_choice_score` decimal(3,1) DEFAULT NULL,
  `mul_choice_ck` text,
  `mul_choice_num` int(11) DEFAULT NULL,
  `mul_choice_score` decimal(3,1) DEFAULT NULL,
  `fill_blank_ck` text,
  `fill_blank_num` int(11) DEFAULT NULL,
  `fill_blank_score` decimal(3,1) DEFAULT NULL,
  `judge_ck` text,
  `judge_num` int(11) DEFAULT NULL,
  `judge_score` decimal(3,1) DEFAULT NULL,
  `sub_question_ck` text,
  `sub_question_num` int(11) DEFAULT NULL,
  `sub_question_score` decimal(3,1) DEFAULT NULL,
  `paper_score` int(11) DEFAULT NULL,
  `rule_type` int(11) DEFAULT NULL,
  `available` char(1) NOT NULL DEFAULT '1',
  PRIMARY KEY (`rule_id`)
) ENGINE=InnoDB AUTO_INCREMENT=14 DEFAULT CHARSET=utf8;

-- ----------------------------
-- Records of t_paper_rule
-- ----------------------------
INSERT INTO `t_paper_rule` VALUES ('1', '1', '2017/10/30-1', '[{\'id\':137,\'score\':5},{\'id\':102,\'score\':5},{\'id\':231,\'score\':5}]', '3', '5.0', '[{\'id\':118,\'score\':5},{\'id\':117,\'score\':5},{\'id\':254,\'score\':5}]', '3', '5.0', '[{\'id\':16,\'score\':5},{\'id\':2,\'score\':5},{\'id\':3,\'score\':5}]', '3', '5.0', '[{\'id\':28,\'score\':5},{\'id\':9,\'score\':5},{\'id\':13,\'score\':5}]', '3', '5.0', '[{\'id\':26,\'score\':5},{\'id\':48,\'score\':5},{\'id\':3,\'score\':5}]', '3', '5.0', '75', '0', '1');
INSERT INTO `t_paper_rule` VALUES ('2', '1', '2017/10/30-2', '[{\"id\":1,\"score\":5}]', '1', '5.0', '[{\"id\":117,\"score\":5}]', '1', '5.0', '[{\"id\":1,\"score\":5}]', '1', '5.0', '[{\"id\":1,\"score\":5}]', '1', '5.0', '[{\"id\":1,\"score\":5}]', '1', '5.0', '25', '1', '1');
INSERT INTO `t_paper_rule` VALUES ('11', '1', '2017/10/30-09:24', '[{\"id\":2,\"score\":5},{\"id\":3,\"score\":5},{\"id\":4,\"score\":5}]', '3', '15.0', '[{\"id\":117,\"score\":5},{\"id\":118,\"score\":5},{\"id\":119,\"score\":5}]', '3', '15.0', '[{\"id\":15,\"score\":5},{\"id\":16,\"score\":5},{\"id\":17,\"score\":5}]', '3', '15.0', '[{\"id\":1,\"score\":5},{\"id\":2,\"score\":5},{\"id\":3,\"score\":5},{\"id\":4,\"score\":5}]', '4', '20.0', '[{\"id\":2,\"score\":5},{\"id\":3,\"score\":5},{\"id\":4,\"score\":5}]', '3', '15.0', '80', '1', '1');
INSERT INTO `t_paper_rule` VALUES ('12', '1', '2017/10/30-21:26', '[{\"id\":2,\"score\":5},{\"id\":3,\"score\":5},{\"id\":4,\"score\":5}]', '3', '15.0', '[{\"id\":117,\"score\":5},{\"id\":118,\"score\":5},{\"id\":119,\"score\":5}]', '3', '15.0', '[{\"id\":15,\"score\":5},{\"id\":16,\"score\":5},{\"id\":17,\"score\":5}]', '3', '15.0', '[{\"id\":1,\"score\":5},{\"id\":2,\"score\":5},{\"id\":3,\"score\":5},{\"id\":4,\"score\":5}]', '4', '20.0', '[{\"id\":2,\"score\":5},{\"id\":3,\"score\":5},{\"id\":4,\"score\":5}]', '3', '15.0', '80', '1', '1');
INSERT INTO `t_paper_rule` VALUES ('13', '1', '2017/10/30-21:27', '[{\"id\":2,\"score\":5},{\"id\":3,\"score\":5},{\"id\":4,\"score\":5}]', '3', '15.0', '[{\"id\":117,\"score\":5},{\"id\":118,\"score\":5},{\"id\":119,\"score\":5}]', '3', '15.0', '[{\"id\":15,\"score\":5},{\"id\":16,\"score\":5},{\"id\":17,\"score\":5}]', '3', '15.0', '[{\"id\":1,\"score\":5},{\"id\":2,\"score\":5},{\"id\":3,\"score\":5},{\"id\":4,\"score\":5}]', '4', '20.0', '[{\"id\":2,\"score\":5},{\"id\":3,\"score\":5},{\"id\":4,\"score\":5}]', '3', '15.0', '80', '1', '1');

-- ----------------------------
-- Table structure for t_read
-- ----------------------------
DROP TABLE IF EXISTS `t_read`;
CREATE TABLE `t_read` (
  `read_id` int(5) NOT NULL,
  `answer_id` int(5) DEFAULT NULL,
  `sub_id` int(5) DEFAULT NULL,
  `sub_score` int(3) DEFAULT NULL,
  `available` char(1) NOT NULL DEFAULT '1',
  PRIMARY KEY (`read_id`)
) ENGINE=InnoDB DEFAULT CHARSET=utf8;

-- ----------------------------
-- Records of t_read
-- ----------------------------

-- ----------------------------
-- Table structure for t_right
-- ----------------------------
DROP TABLE IF EXISTS `t_right`;
CREATE TABLE `t_right` (
  `right_id` int(11) NOT NULL AUTO_INCREMENT,
  `parent_id` int(11) DEFAULT NULL,
  `right_name` varchar(20) DEFAULT NULL,
  `right_url` varchar(100) DEFAULT NULL,
  `available` char(1) NOT NULL DEFAULT '1',
  PRIMARY KEY (`right_id`)
) ENGINE=InnoDB AUTO_INCREMENT=32 DEFAULT CHARSET=utf8;

-- ----------------------------
-- Records of t_right
-- ----------------------------
INSERT INTO `t_right` VALUES ('1', '100001', '试卷管理', '', '1');
INSERT INTO `t_right` VALUES ('2', '1', '规则管理', 'paper.do?method=initShowPaperRule', '1');
INSERT INTO `t_right` VALUES ('6', '1', '试卷管理', 'paper.do?method=initPaperList', '1');
INSERT INTO `t_right` VALUES ('7', '100001', '考试管理', '', '1');
INSERT INTO `t_right` VALUES ('8', '7', '安排信息维护', 'exam.do?method=initExam', '1');
INSERT INTO `t_right` VALUES ('9', '100001', '阅卷管理', '', '1');
INSERT INTO `t_right` VALUES ('10', '9', '阅卷', 'readPaper.do?method=initReadPaper', '1');
INSERT INTO `t_right` VALUES ('11', '9', '重新阅卷', 'readPaper.do?method=initReadPaperAging', '1');
INSERT INTO `t_right` VALUES ('12', '100001', '成绩管理', '', '1');
INSERT INTO `t_right` VALUES ('13', '12', '成绩信息维护', 'scoreServlet.do?method=showScore', '1');
INSERT INTO `t_right` VALUES ('14', '100001', '题库管理', '', '1');
INSERT INTO `t_right` VALUES ('15', '14', '选择题管理', 'choices.do?method=initChoice', '1');
INSERT INTO `t_right` VALUES ('16', '14', '填空题管理', 'blank.do?method=initBlank', '1');
INSERT INTO `t_right` VALUES ('17', '14', '判断题管理', 'judge.do?method=initJudge', '1');
INSERT INTO `t_right` VALUES ('18', '14', '主观题管理', 'subjective.do?method=initSubjective', '1');
INSERT INTO `t_right` VALUES ('19', '100001', '科目管理', '', '1');
INSERT INTO `t_right` VALUES ('20', '19', '维护科目', 'courseServlet.do?method=showCourse', '1');
INSERT INTO `t_right` VALUES ('21', '19', '教师科目管理', 'teacherServlet.do?method=initTeacherCourse', '1');
INSERT INTO `t_right` VALUES ('22', '19', '学生科目管理', 'studentServlet.do?method=initStudentCourse', '1');
INSERT INTO `t_right` VALUES ('23', '100001', '用户管理', '', '1');
INSERT INTO `t_right` VALUES ('24', '23', '教师管理', 'teacherServlet.do?method=showTeacher', '1');
INSERT INTO `t_right` VALUES ('25', '23', '学生管理', 'studentServlet.do?method=showStudent', '1');
INSERT INTO `t_right` VALUES ('26', '100001', '角色管理', '', '1');
INSERT INTO `t_right` VALUES ('27', '26', '角色维护', 'role.do?method=initRole', '1');
INSERT INTO `t_right` VALUES ('28', '29', '开始考试', 'startExam.do?method=showExam', '1');
INSERT INTO `t_right` VALUES ('29', '100001', '个人中心', '', '1');
INSERT INTO `t_right` VALUES ('30', '29', '成绩查询', 'personScoreServlet.do?method=showPersonScore', '1');
INSERT INTO `t_right` VALUES ('31', '29', '个人信息', 'userInfo.do?method=initUser', '1');

-- ----------------------------
-- Table structure for t_right_copy
-- ----------------------------
DROP TABLE IF EXISTS `t_right_copy`;
CREATE TABLE `t_right_copy` (
  `right_id` int(11) NOT NULL AUTO_INCREMENT,
  `parent_id` int(11) DEFAULT NULL,
  `right_name` varchar(20) DEFAULT NULL,
  `right_url` varchar(100) DEFAULT NULL,
  `available` char(1) NOT NULL DEFAULT '1',
  PRIMARY KEY (`right_id`)
) ENGINE=InnoDB AUTO_INCREMENT=28 DEFAULT CHARSET=utf8;

-- ----------------------------
-- Records of t_right_copy
-- ----------------------------
INSERT INTO `t_right_copy` VALUES ('1', '100001', '试卷规则管理', '', '1');
INSERT INTO `t_right_copy` VALUES ('2', '1', '规则管理', 'paper.do?method=initShowPaperRule', '1');
INSERT INTO `t_right_copy` VALUES ('3', '1', '手动创建', 'paper.do?method=initHandPaper', '1');
INSERT INTO `t_right_copy` VALUES ('4', '1', '自动创建', 'paper.do?method=initAutoPaper', '1');
INSERT INTO `t_right_copy` VALUES ('5', '100001', '试卷管理', '', '1');
INSERT INTO `t_right_copy` VALUES ('6', '5', '试卷信息维护', 'paper.do?method=initPaperList', '1');
INSERT INTO `t_right_copy` VALUES ('7', '100001', '考试管理', '', '1');
INSERT INTO `t_right_copy` VALUES ('8', '7', '安排信息维护', 'exam.do?method=initExam', '1');
INSERT INTO `t_right_copy` VALUES ('9', '100001', '阅卷管理', '', '1');
INSERT INTO `t_right_copy` VALUES ('10', '9', '阅卷', 'readPaper.do?method=initReadPaper', '1');
INSERT INTO `t_right_copy` VALUES ('11', '9', '重新阅卷', 'readPaper.do?method=initReadPaperAging', '1');
INSERT INTO `t_right_copy` VALUES ('12', '100001', '成绩管理', '', '1');
INSERT INTO `t_right_copy` VALUES ('13', '12', '成绩信息维护', 'scoreServlet.do?method=showScore', '1');
INSERT INTO `t_right_copy` VALUES ('14', '100001', '题库管理', '', '1');
INSERT INTO `t_right_copy` VALUES ('15', '14', '选择题管理', 'choices.do?method=initChoice', '1');
INSERT INTO `t_right_copy` VALUES ('16', '14', '填空题管理', 'blank.do?method=initBlank', '1');
INSERT INTO `t_right_copy` VALUES ('17', '14', '判断题管理', 'judge.do?method=initJudge', '1');
INSERT INTO `t_right_copy` VALUES ('18', '14', '主观题管理', 'subjective.do?method=initSubjective', '1');
INSERT INTO `t_right_copy` VALUES ('19', '100001', '科目管理', '', '1');
INSERT INTO `t_right_copy` VALUES ('20', '19', '维护科目', 'courseServlet.do?method=showCourse', '1');
INSERT INTO `t_right_copy` VALUES ('21', '19', '教师科目管理', 'teacherServlet.do?method=initTeacherCourse', '1');
INSERT INTO `t_right_copy` VALUES ('22', '19', '学生科目管理', 'studentServlet.do?method=initStudentCourse', '1');
INSERT INTO `t_right_copy` VALUES ('23', '100001', '用户管理', '', '1');
INSERT INTO `t_right_copy` VALUES ('24', '23', '教师管理', 'teacherServlet.do?method=showTeacher', '1');
INSERT INTO `t_right_copy` VALUES ('25', '23', '学生管理', 'studentServlet.do?method=showStudent', '1');
INSERT INTO `t_right_copy` VALUES ('26', '100001', '角色管理', '', '1');
INSERT INTO `t_right_copy` VALUES ('27', '26', '角色维护', 'role.do?method=initRole', '1');

-- ----------------------------
-- Table structure for t_role
-- ----------------------------
DROP TABLE IF EXISTS `t_role`;
CREATE TABLE `t_role` (
  `role_id` int(11) NOT NULL AUTO_INCREMENT,
  `role_name` varchar(20) NOT NULL,
  `available` char(1) NOT NULL DEFAULT '1',
  PRIMARY KEY (`role_id`),
  UNIQUE KEY `role_name` (`role_name`)
) ENGINE=InnoDB AUTO_INCREMENT=4 DEFAULT CHARSET=utf8;

-- ----------------------------
-- Records of t_role
-- ----------------------------
INSERT INTO `t_role` VALUES ('1', '管理员', '1');
INSERT INTO `t_role` VALUES ('2', '教师', '1');
INSERT INTO `t_role` VALUES ('3', '学生', '1');

-- ----------------------------
-- Table structure for t_role_right
-- ----------------------------
DROP TABLE IF EXISTS `t_role_right`;
CREATE TABLE `t_role_right` (
  `role_right_id` int(11) NOT NULL AUTO_INCREMENT,
  `right_id` int(11) DEFAULT NULL,
  `role_id` int(11) DEFAULT NULL,
  `available` char(1) NOT NULL DEFAULT '1',
  PRIMARY KEY (`role_right_id`)
) ENGINE=InnoDB AUTO_INCREMENT=75 DEFAULT CHARSET=utf8;

-- ----------------------------
-- Records of t_role_right
-- ----------------------------
INSERT INTO `t_role_right` VALUES ('38', '29', '3', '1');
INSERT INTO `t_role_right` VALUES ('39', '28', '3', '1');
INSERT INTO `t_role_right` VALUES ('40', '30', '3', '1');
INSERT INTO `t_role_right` VALUES ('41', '31', '3', '1');
INSERT INTO `t_role_right` VALUES ('42', '12', '1', '1');
INSERT INTO `t_role_right` VALUES ('43', '13', '1', '1');
INSERT INTO `t_role_right` VALUES ('44', '19', '1', '1');
INSERT INTO `t_role_right` VALUES ('45', '20', '1', '1');
INSERT INTO `t_role_right` VALUES ('46', '21', '1', '1');
INSERT INTO `t_role_right` VALUES ('47', '22', '1', '1');
INSERT INTO `t_role_right` VALUES ('48', '23', '1', '1');
INSERT INTO `t_role_right` VALUES ('49', '24', '1', '1');
INSERT INTO `t_role_right` VALUES ('50', '25', '1', '1');
INSERT INTO `t_role_right` VALUES ('51', '26', '1', '1');
INSERT INTO `t_role_right` VALUES ('52', '27', '1', '1');
INSERT INTO `t_role_right` VALUES ('53', '31', '1', '1');
INSERT INTO `t_role_right` VALUES ('54', '29', '1', '1');
INSERT INTO `t_role_right` VALUES ('55', '1', '2', '1');
INSERT INTO `t_role_right` VALUES ('56', '2', '2', '1');
INSERT INTO `t_role_right` VALUES ('60', '6', '2', '1');
INSERT INTO `t_role_right` VALUES ('61', '7', '2', '1');
INSERT INTO `t_role_right` VALUES ('62', '8', '2', '1');
INSERT INTO `t_role_right` VALUES ('63', '9', '2', '1');
INSERT INTO `t_role_right` VALUES ('64', '10', '2', '1');
INSERT INTO `t_role_right` VALUES ('65', '11', '2', '1');
INSERT INTO `t_role_right` VALUES ('66', '12', '2', '1');
INSERT INTO `t_role_right` VALUES ('67', '13', '2', '1');
INSERT INTO `t_role_right` VALUES ('68', '14', '2', '1');
INSERT INTO `t_role_right` VALUES ('69', '15', '2', '1');
INSERT INTO `t_role_right` VALUES ('70', '16', '2', '1');
INSERT INTO `t_role_right` VALUES ('71', '17', '2', '1');
INSERT INTO `t_role_right` VALUES ('72', '18', '2', '1');
INSERT INTO `t_role_right` VALUES ('73', '31', '2', '1');
INSERT INTO `t_role_right` VALUES ('74', '29', '2', '1');

-- ----------------------------
-- Table structure for t_socre
-- ----------------------------
DROP TABLE IF EXISTS `t_socre`;
CREATE TABLE `t_socre` (
  `score_id` int(5) NOT NULL AUTO_INCREMENT,
  `stu_id` int(5) DEFAULT NULL,
  `paper_id` int(5) DEFAULT NULL,
  `course_id` int(5) DEFAULT NULL,
  `auto_score` double(4,1) DEFAULT NULL,
  `sub_score` double(4,1) DEFAULT NULL,
  `total_score` double(4,1) DEFAULT NULL,
  `available` char(1) NOT NULL DEFAULT '1',
  PRIMARY KEY (`score_id`)
) ENGINE=InnoDB DEFAULT CHARSET=utf8;

-- ----------------------------
-- Records of t_socre
-- ----------------------------

-- ----------------------------
-- Table structure for t_student
-- ----------------------------
DROP TABLE IF EXISTS `t_student`;
CREATE TABLE `t_student` (
  `stu_id` int(11) NOT NULL AUTO_INCREMENT,
  `stu_real_name` varchar(20) NOT NULL,
  `stu_account` varchar(20) NOT NULL,
  `stu_password` varchar(32) NOT NULL,
  `stu_class` varchar(20) NOT NULL,
  `available` char(1) NOT NULL DEFAULT '1',
  PRIMARY KEY (`stu_id`),
  UNIQUE KEY `stu_account` (`stu_account`)
) ENGINE=InnoDB AUTO_INCREMENT=6 DEFAULT CHARSET=utf8;

-- ----------------------------
-- Records of t_student
-- ----------------------------
INSERT INTO `t_student` VALUES ('1', '王武1', '100011', '09A146C8D1CFDBDB54CEB60EDE93CDAB', '计算机一班', '1');
INSERT INTO `t_student` VALUES ('2', '赵六2', '100022', '70314CA6C279ED0AA1D108F91C088CA5', '计算机一班', '1');
INSERT INTO `t_student` VALUES ('3', '动画3', '100034', '3695266895778EC94412111AE375FDE7', '计算机一班', '1');
INSERT INTO `t_student` VALUES ('4', '方法4', '100044', 'ABAA211768217A3541374DC5EB74C72C', '计算机一班', '1');
INSERT INTO `t_student` VALUES ('5', '动手5', '100055', '25FAA4A9FBF4C53B3767334596E8C6E3', '计算机一班', '1');

-- ----------------------------
-- Table structure for t_student_course
-- ----------------------------
DROP TABLE IF EXISTS `t_student_course`;
CREATE TABLE `t_student_course` (
  `stu_course_id` int(11) NOT NULL AUTO_INCREMENT,
  `stu_id` int(11) DEFAULT NULL,
  `course_id` int(11) DEFAULT NULL,
  `available` char(1) NOT NULL DEFAULT '1',
  PRIMARY KEY (`stu_course_id`)
) ENGINE=InnoDB AUTO_INCREMENT=6 DEFAULT CHARSET=utf8;

-- ----------------------------
-- Records of t_student_course
-- ----------------------------
INSERT INTO `t_student_course` VALUES ('1', '1', '1', '1');
INSERT INTO `t_student_course` VALUES ('2', '1', '2', '1');
INSERT INTO `t_student_course` VALUES ('3', '2', '3', '1');
INSERT INTO `t_student_course` VALUES ('4', '2', '4', '1');
INSERT INTO `t_student_course` VALUES ('5', '1', '3', '1');

-- ----------------------------
-- Table structure for t_subjective
-- ----------------------------
DROP TABLE IF EXISTS `t_subjective`;
CREATE TABLE `t_subjective` (
  `sub_id` int(20) NOT NULL AUTO_INCREMENT,
  `course_id` int(20) DEFAULT NULL,
  `sub_title` varchar(255) DEFAULT NULL,
  `answer` varchar(255) DEFAULT NULL,
  `available` char(1) NOT NULL DEFAULT '1',
  PRIMARY KEY (`sub_id`)
) ENGINE=InnoDB AUTO_INCREMENT=61 DEFAULT CHARSET=utf8;

-- ----------------------------
-- Records of t_subjective
-- ----------------------------
INSERT INTO `t_subjective` VALUES ('1', '1', '汉字输入编码可以分为几类，各有何特点？', '汉字输入编码大致可以分为以下几类  （1）音码。特点：根据汉字的发音进行编码，简单易学，但重码太多，输入速度慢； （2）形码。特点：根据汉字的字形结构进行编码，重码少，输入速度快，但记忆量大； （3）音形码。特点：结合汉字的发音和字形结构进行编码，编码规则简单，重码少； （4）等长流水码。特点：采用相同长度的数字对每个汉字进行编码，无重码，难于记忆。', '1');
INSERT INTO `t_subjective` VALUES ('2', '1', '简述计算机在信息社会的主要应用', '（1）科学计算 （2）数据处理 （3）过程控制 （4）计算机辅助系统 （5）人工智能（6）网络应用', '1');
INSERT INTO `t_subjective` VALUES ('3', '1', '简述ROM与RAM的主要特点。', 'ROM：只读存储器，可读不可写，容量较小，用于存储计算机中极为重要的基本指令和数据，断电后信息不会丢失；', '1');
INSERT INTO `t_subjective` VALUES ('4', '1', '一个完整的计算机系统包括哪两大部分？二者有何关系？什么叫裸机？', '计算机系统由硬件系统和软件系统组成。  硬件是计算机的物质基础，软件是计算机的灵魂。 裸机，是指没有安装任何软件的计算机', '1');
INSERT INTO `t_subjective` VALUES ('5', '1', '计算机软件是如何分类的？', '计算机软件分为系统软件和应用软件两大类。  系统软件是为提高计算机效率和方便用户使用计算机而设计的各种软件。包括操作系统、支撑软件、编译系统和数据库管理系统等。', '1');
INSERT INTO `t_subjective` VALUES ('6', '1', 'windows的窗口主要包括哪些部分？', 'Windows窗口的组成部分主要有：标题栏、菜单栏、工具栏、地址栏、工作区、滚动条、状态栏等等。', '1');
INSERT INTO `t_subjective` VALUES ('7', '1', 'windows对话框的构成元素主要有哪些？', '对话框的构成元素主要有标题栏、标签与选项卡、输入框和按钮等', '1');
INSERT INTO `t_subjective` VALUES ('8', '1', '回收站的功能是什么？', '（1）存放用户临时删除的文件和文件夹；（2）恢复误删除（临时）的文件；（3）永久性删除文件', '1');
INSERT INTO `t_subjective` VALUES ('9', '1', '简述操作系统的主要功能。', '操作系统的主要功能有处理机管理、存储器管理、文件管理、设备管理及操作接口等', '1');
INSERT INTO `t_subjective` VALUES ('10', '1', '什么是路径？什么是路径名？', '路径是指从根目录到目标文件的一条通路。  路径名是由驱动器名、文件夹名和文件名依次连接而成的一个串，文件夹名之间用“\\”隔开。', '1');
INSERT INTO `t_subjective` VALUES ('11', '1', '汉字输入编码可以分为几类，各有何特点？', '汉字输入编码大致可以分为以下几类  （1）音码。特点：根据汉字的发音进行编码，简单易学，但重码太多，输入速度慢； （2）形码。特点：根据汉字的字形结构进行编码，重码少，输入速度快，但记忆量大； （3）音形码。特点：结合汉字的发音和字形结构进行编码，编码规则简单，重码少； （4）等长流水码。特点：采用相同长度的数字对每个汉字进行编码，无重码，难于记忆。', '1');
INSERT INTO `t_subjective` VALUES ('12', '1', '简述计算机在信息社会的主要应用', '（1）科学计算 （2）数据处理 （3）过程控制 （4）计算机辅助系统 （5）人工智能（6）网络应用', '1');
INSERT INTO `t_subjective` VALUES ('13', '1', '简述ROM与RAM的主要特点。', 'ROM：只读存储器，可读不可写，容量较小，用于存储计算机中极为重要的基本指令和数据，断电后信息不会丢失；', '1');
INSERT INTO `t_subjective` VALUES ('14', '1', '一个完整的计算机系统包括哪两大部分？二者有何关系？什么叫裸机？', '计算机系统由硬件系统和软件系统组成。  硬件是计算机的物质基础，软件是计算机的灵魂。 裸机，是指没有安装任何软件的计算机', '1');
INSERT INTO `t_subjective` VALUES ('15', '1', '计算机软件是如何分类的？', '计算机软件分为系统软件和应用软件两大类。  系统软件是为提高计算机效率和方便用户使用计算机而设计的各种软件。包括操作系统、支撑软件、编译系统和数据库管理系统等。', '1');
INSERT INTO `t_subjective` VALUES ('16', '1', 'windows的窗口主要包括哪些部分？', 'Windows窗口的组成部分主要有：标题栏、菜单栏、工具栏、地址栏、工作区、滚动条、状态栏等等。', '1');
INSERT INTO `t_subjective` VALUES ('17', '1', 'windows对话框的构成元素主要有哪些？', '对话框的构成元素主要有标题栏、标签与选项卡、输入框和按钮等', '1');
INSERT INTO `t_subjective` VALUES ('18', '1', '回收站的功能是什么？', '（1）存放用户临时删除的文件和文件夹；（2）恢复误删除（临时）的文件；（3）永久性删除文件', '1');
INSERT INTO `t_subjective` VALUES ('19', '1', '简述操作系统的主要功能。', '操作系统的主要功能有处理机管理、存储器管理、文件管理、设备管理及操作接口等', '1');
INSERT INTO `t_subjective` VALUES ('20', '1', '什么是路径？什么是路径名？', '路径是指从根目录到目标文件的一条通路。  路径名是由驱动器名、文件夹名和文件名依次连接而成的一个串，文件夹名之间用“\\”隔开。', '1');
INSERT INTO `t_subjective` VALUES ('21', '1', '汉字输入编码可以分为几类，各有何特点？', '汉字输入编码大致可以分为以下几类  （1）音码。特点：根据汉字的发音进行编码，简单易学，但重码太多，输入速度慢； （2）形码。特点：根据汉字的字形结构进行编码，重码少，输入速度快，但记忆量大； （3）音形码。特点：结合汉字的发音和字形结构进行编码，编码规则简单，重码少； （4）等长流水码。特点：采用相同长度的数字对每个汉字进行编码，无重码，难于记忆。', '1');
INSERT INTO `t_subjective` VALUES ('22', '1', '简述计算机在信息社会的主要应用', '（1）科学计算 （2）数据处理 （3）过程控制 （4）计算机辅助系统 （5）人工智能（6）网络应用', '1');
INSERT INTO `t_subjective` VALUES ('23', '1', '简述ROM与RAM的主要特点。', 'ROM：只读存储器，可读不可写，容量较小，用于存储计算机中极为重要的基本指令和数据，断电后信息不会丢失；', '1');
INSERT INTO `t_subjective` VALUES ('24', '1', '一个完整的计算机系统包括哪两大部分？二者有何关系？什么叫裸机？', '计算机系统由硬件系统和软件系统组成。  硬件是计算机的物质基础，软件是计算机的灵魂。 裸机，是指没有安装任何软件的计算机', '1');
INSERT INTO `t_subjective` VALUES ('25', '1', '计算机软件是如何分类的？', '计算机软件分为系统软件和应用软件两大类。  系统软件是为提高计算机效率和方便用户使用计算机而设计的各种软件。包括操作系统、支撑软件、编译系统和数据库管理系统等。', '1');
INSERT INTO `t_subjective` VALUES ('26', '1', 'windows的窗口主要包括哪些部分？', 'Windows窗口的组成部分主要有：标题栏、菜单栏、工具栏、地址栏、工作区、滚动条、状态栏等等。', '1');
INSERT INTO `t_subjective` VALUES ('27', '1', 'windows对话框的构成元素主要有哪些？', '对话框的构成元素主要有标题栏、标签与选项卡、输入框和按钮等', '1');
INSERT INTO `t_subjective` VALUES ('28', '1', '回收站的功能是什么？', '（1）存放用户临时删除的文件和文件夹；（2）恢复误删除（临时）的文件；（3）永久性删除文件', '1');
INSERT INTO `t_subjective` VALUES ('29', '1', '简述操作系统的主要功能。', '操作系统的主要功能有处理机管理、存储器管理、文件管理、设备管理及操作接口等', '1');
INSERT INTO `t_subjective` VALUES ('30', '1', '什么是路径？什么是路径名？', '路径是指从根目录到目标文件的一条通路。  路径名是由驱动器名、文件夹名和文件名依次连接而成的一个串，文件夹名之间用“\\”隔开。', '1');
INSERT INTO `t_subjective` VALUES ('31', '1', '汉字输入编码可以分为几类，各有何特点？', '汉字输入编码大致可以分为以下几类  （1）音码。特点：根据汉字的发音进行编码，简单易学，但重码太多，输入速度慢； （2）形码。特点：根据汉字的字形结构进行编码，重码少，输入速度快，但记忆量大； （3）音形码。特点：结合汉字的发音和字形结构进行编码，编码规则简单，重码少； （4）等长流水码。特点：采用相同长度的数字对每个汉字进行编码，无重码，难于记忆。', '1');
INSERT INTO `t_subjective` VALUES ('32', '1', '简述计算机在信息社会的主要应用', '（1）科学计算 （2）数据处理 （3）过程控制 （4）计算机辅助系统 （5）人工智能（6）网络应用', '1');
INSERT INTO `t_subjective` VALUES ('33', '1', '简述ROM与RAM的主要特点。', 'ROM：只读存储器，可读不可写，容量较小，用于存储计算机中极为重要的基本指令和数据，断电后信息不会丢失；', '1');
INSERT INTO `t_subjective` VALUES ('34', '1', '一个完整的计算机系统包括哪两大部分？二者有何关系？什么叫裸机？', '计算机系统由硬件系统和软件系统组成。  硬件是计算机的物质基础，软件是计算机的灵魂。 裸机，是指没有安装任何软件的计算机', '1');
INSERT INTO `t_subjective` VALUES ('35', '1', '计算机软件是如何分类的？', '计算机软件分为系统软件和应用软件两大类。  系统软件是为提高计算机效率和方便用户使用计算机而设计的各种软件。包括操作系统、支撑软件、编译系统和数据库管理系统等。', '1');
INSERT INTO `t_subjective` VALUES ('36', '1', 'windows的窗口主要包括哪些部分？', 'Windows窗口的组成部分主要有：标题栏、菜单栏、工具栏、地址栏、工作区、滚动条、状态栏等等。', '1');
INSERT INTO `t_subjective` VALUES ('37', '1', 'windows对话框的构成元素主要有哪些？', '对话框的构成元素主要有标题栏、标签与选项卡、输入框和按钮等', '1');
INSERT INTO `t_subjective` VALUES ('38', '1', '回收站的功能是什么？', '（1）存放用户临时删除的文件和文件夹；（2）恢复误删除（临时）的文件；（3）永久性删除文件', '1');
INSERT INTO `t_subjective` VALUES ('39', '1', '简述操作系统的主要功能。', '操作系统的主要功能有处理机管理、存储器管理、文件管理、设备管理及操作接口等', '1');
INSERT INTO `t_subjective` VALUES ('40', '1', '什么是路径？什么是路径名？', '路径是指从根目录到目标文件的一条通路。  路径名是由驱动器名、文件夹名和文件名依次连接而成的一个串，文件夹名之间用“\\”隔开。', '1');
INSERT INTO `t_subjective` VALUES ('41', '1', '汉字输入编码可以分为几类，各有何特点？', '汉字输入编码大致可以分为以下几类  （1）音码。特点：根据汉字的发音进行编码，简单易学，但重码太多，输入速度慢； （2）形码。特点：根据汉字的字形结构进行编码，重码少，输入速度快，但记忆量大； （3）音形码。特点：结合汉字的发音和字形结构进行编码，编码规则简单，重码少； （4）等长流水码。特点：采用相同长度的数字对每个汉字进行编码，无重码，难于记忆。', '1');
INSERT INTO `t_subjective` VALUES ('42', '1', '简述计算机在信息社会的主要应用', '（1）科学计算 （2）数据处理 （3）过程控制 （4）计算机辅助系统 （5）人工智能（6）网络应用', '1');
INSERT INTO `t_subjective` VALUES ('43', '1', '简述ROM与RAM的主要特点。', 'ROM：只读存储器，可读不可写，容量较小，用于存储计算机中极为重要的基本指令和数据，断电后信息不会丢失；', '1');
INSERT INTO `t_subjective` VALUES ('44', '1', '一个完整的计算机系统包括哪两大部分？二者有何关系？什么叫裸机？', '计算机系统由硬件系统和软件系统组成。  硬件是计算机的物质基础，软件是计算机的灵魂。 裸机，是指没有安装任何软件的计算机', '1');
INSERT INTO `t_subjective` VALUES ('45', '1', '计算机软件是如何分类的？', '计算机软件分为系统软件和应用软件两大类。  系统软件是为提高计算机效率和方便用户使用计算机而设计的各种软件。包括操作系统、支撑软件、编译系统和数据库管理系统等。', '1');
INSERT INTO `t_subjective` VALUES ('46', '1', 'windows的窗口主要包括哪些部分？', 'Windows窗口的组成部分主要有：标题栏、菜单栏、工具栏、地址栏、工作区、滚动条、状态栏等等。', '1');
INSERT INTO `t_subjective` VALUES ('47', '1', 'windows对话框的构成元素主要有哪些？', '对话框的构成元素主要有标题栏、标签与选项卡、输入框和按钮等', '1');
INSERT INTO `t_subjective` VALUES ('48', '1', '回收站的功能是什么？', '（1）存放用户临时删除的文件和文件夹；（2）恢复误删除（临时）的文件；（3）永久性删除文件', '1');
INSERT INTO `t_subjective` VALUES ('49', '1', '简述操作系统的主要功能。', '操作系统的主要功能有处理机管理、存储器管理、文件管理、设备管理及操作接口等', '1');
INSERT INTO `t_subjective` VALUES ('50', '1', '什么是路径？什么是路径名？', '路径是指从根目录到目标文件的一条通路。  路径名是由驱动器名、文件夹名和文件名依次连接而成的一个串，文件夹名之间用“\\”隔开。', '1');
INSERT INTO `t_subjective` VALUES ('51', '1', '汉字输入编码可以分为几类，各有何特点？', '汉字输入编码大致可以分为以下几类  （1）音码。特点：根据汉字的发音进行编码，简单易学，但重码太多，输入速度慢； （2）形码。特点：根据汉字的字形结构进行编码，重码少，输入速度快，但记忆量大； （3）音形码。特点：结合汉字的发音和字形结构进行编码，编码规则简单，重码少； （4）等长流水码。特点：采用相同长度的数字对每个汉字进行编码，无重码，难于记忆。', '1');
INSERT INTO `t_subjective` VALUES ('52', '1', '简述计算机在信息社会的主要应用', '（1）科学计算 （2）数据处理 （3）过程控制 （4）计算机辅助系统 （5）人工智能（6）网络应用', '1');
INSERT INTO `t_subjective` VALUES ('53', '1', '简述ROM与RAM的主要特点。', 'ROM：只读存储器，可读不可写，容量较小，用于存储计算机中极为重要的基本指令和数据，断电后信息不会丢失；', '1');
INSERT INTO `t_subjective` VALUES ('54', '1', '一个完整的计算机系统包括哪两大部分？二者有何关系？什么叫裸机？', '计算机系统由硬件系统和软件系统组成。  硬件是计算机的物质基础，软件是计算机的灵魂。 裸机，是指没有安装任何软件的计算机', '1');
INSERT INTO `t_subjective` VALUES ('55', '1', '计算机软件是如何分类的？', '计算机软件分为系统软件和应用软件两大类。  系统软件是为提高计算机效率和方便用户使用计算机而设计的各种软件。包括操作系统、支撑软件、编译系统和数据库管理系统等。', '1');
INSERT INTO `t_subjective` VALUES ('56', '1', 'windows的窗口主要包括哪些部分？', 'Windows窗口的组成部分主要有：标题栏、菜单栏、工具栏、地址栏、工作区、滚动条、状态栏等等。', '1');
INSERT INTO `t_subjective` VALUES ('57', '1', 'windows对话框的构成元素主要有哪些？', '对话框的构成元素主要有标题栏、标签与选项卡、输入框和按钮等', '1');
INSERT INTO `t_subjective` VALUES ('58', '1', '回收站的功能是什么？', '（1）存放用户临时删除的文件和文件夹；（2）恢复误删除（临时）的文件；（3）永久性删除文件', '1');
INSERT INTO `t_subjective` VALUES ('59', '1', '简述操作系统的主要功能。', '操作系统的主要功能有处理机管理、存储器管理、文件管理、设备管理及操作接口等', '1');
INSERT INTO `t_subjective` VALUES ('60', '1', '什么是路径？什么是路径名？', '路径是指从根目录到目标文件的一条通路。  路径名是由驱动器名、文件夹名和文件名依次连接而成的一个串，文件夹名之间用“\\”隔开。', '1');

-- ----------------------------
-- Table structure for t_teacher
-- ----------------------------
DROP TABLE IF EXISTS `t_teacher`;
CREATE TABLE `t_teacher` (
  `tea_id` int(11) NOT NULL AUTO_INCREMENT,
  `tea_real_name` varchar(20) NOT NULL,
  `tea_account` varchar(20) NOT NULL,
  `tea_password` varchar(32) NOT NULL,
  `tea_remark` varchar(255) NOT NULL,
  `available` char(1) NOT NULL DEFAULT '1',
  PRIMARY KEY (`tea_id`),
  UNIQUE KEY `tea_account` (`tea_account`)
) ENGINE=InnoDB AUTO_INCREMENT=9 DEFAULT CHARSET=utf8;

-- ----------------------------
-- Records of t_teacher
-- ----------------------------
INSERT INTO `t_teacher` VALUES ('1', '赵楠', '1001', 'b8c37e33defde51cf91e1e03e51657da', '无', '1');
INSERT INTO `t_teacher` VALUES ('2', '张老师', '1009', '31B3B31A1C2F8A370206F111127C0DBD', '讲师', '1');
INSERT INTO `t_teacher` VALUES ('3', '王三', '1010', '1E48C4420B7073BC11916C6C1DE226BB', '讲师', '1');
INSERT INTO `t_teacher` VALUES ('4', '罗大宝', '1011', '7F975A56C761DB6506ECA0B37CE6EC87', '讲师', '1');
INSERT INTO `t_teacher` VALUES ('5', '黄鼠狼', '1012', 'F33BA15EFFA5C10E873BF3842AFB46A6', '讲师', '1');
INSERT INTO `t_teacher` VALUES ('6', '郭大侠', '1013', '6B180037ABBEBEA991D8B1232F8A8CA9', '讲师', '1');
INSERT INTO `t_teacher` VALUES ('7', '王书记', '1014', '766D856EF1A6B02F93D894415E6BFA0E', '讲师', '1');
INSERT INTO `t_teacher` VALUES ('8', '姜子牙', '1015', '298923C8190045E91288B430794814C4', '讲师', '1');

-- ----------------------------
-- Table structure for t_teacher_course
-- ----------------------------
DROP TABLE IF EXISTS `t_teacher_course`;
CREATE TABLE `t_teacher_course` (
  `tea_course_id` int(11) NOT NULL AUTO_INCREMENT,
  `tea_id` int(11) DEFAULT NULL,
  `course_id` int(11) DEFAULT NULL,
  `available` char(1) NOT NULL DEFAULT '1',
  PRIMARY KEY (`tea_course_id`)
) ENGINE=InnoDB AUTO_INCREMENT=11 DEFAULT CHARSET=utf8;

-- ----------------------------
-- Records of t_teacher_course
-- ----------------------------
INSERT INTO `t_teacher_course` VALUES ('4', '2', '1', '1');
INSERT INTO `t_teacher_course` VALUES ('5', '2', '2', '1');
INSERT INTO `t_teacher_course` VALUES ('6', '2', '3', '1');
INSERT INTO `t_teacher_course` VALUES ('7', '2', '4', '1');
INSERT INTO `t_teacher_course` VALUES ('8', '2', '5', '1');
INSERT INTO `t_teacher_course` VALUES ('9', '3', '4', '1');
INSERT INTO `t_teacher_course` VALUES ('10', '3', '3', '1');

-- ----------------------------
-- Table structure for t_user
-- ----------------------------
DROP TABLE IF EXISTS `t_user`;
CREATE TABLE `t_user` (
  `user_id` int(11) NOT NULL AUTO_INCREMENT,
  `tea_id` int(11) DEFAULT NULL,
  `stu_id` int(11) DEFAULT NULL,
  `available` char(1) NOT NULL DEFAULT '1',
  PRIMARY KEY (`user_id`)
) ENGINE=InnoDB AUTO_INCREMENT=14 DEFAULT CHARSET=utf8;

-- ----------------------------
-- Records of t_user
-- ----------------------------
INSERT INTO `t_user` VALUES ('1', '1', null, '1');
INSERT INTO `t_user` VALUES ('2', '2', null, '1');
INSERT INTO `t_user` VALUES ('3', '3', null, '1');
INSERT INTO `t_user` VALUES ('4', '4', null, '1');
INSERT INTO `t_user` VALUES ('5', '5', null, '1');
INSERT INTO `t_user` VALUES ('6', '6', null, '1');
INSERT INTO `t_user` VALUES ('7', '7', null, '1');
INSERT INTO `t_user` VALUES ('8', '8', null, '1');
INSERT INTO `t_user` VALUES ('9', null, '1', '1');
INSERT INTO `t_user` VALUES ('10', null, '2', '1');
INSERT INTO `t_user` VALUES ('11', null, '3', '1');
INSERT INTO `t_user` VALUES ('12', null, '4', '1');
INSERT INTO `t_user` VALUES ('13', null, '5', '1');

-- ----------------------------
-- Table structure for t_user_class
-- ----------------------------
DROP TABLE IF EXISTS `t_user_class`;
CREATE TABLE `t_user_class` (
  `user_ban_id` int(11) NOT NULL AUTO_INCREMENT,
  `user_id` int(11) DEFAULT NULL,
  `ban_id` int(11) DEFAULT NULL,
  `available` char(1) NOT NULL DEFAULT '1',
  PRIMARY KEY (`user_ban_id`)
) ENGINE=InnoDB DEFAULT CHARSET=utf8;

-- ----------------------------
-- Records of t_user_class
-- ----------------------------

-- ----------------------------
-- Table structure for t_user_role
-- ----------------------------
DROP TABLE IF EXISTS `t_user_role`;
CREATE TABLE `t_user_role` (
  `user_role_id` int(11) NOT NULL AUTO_INCREMENT,
  `user_id` int(11) DEFAULT NULL,
  `role_id` int(11) DEFAULT NULL,
  `available` char(1) NOT NULL DEFAULT '1',
  PRIMARY KEY (`user_role_id`)
) ENGINE=InnoDB AUTO_INCREMENT=14 DEFAULT CHARSET=utf8;

-- ----------------------------
-- Records of t_user_role
-- ----------------------------
INSERT INTO `t_user_role` VALUES ('1', '1', '1', '1');
INSERT INTO `t_user_role` VALUES ('2', '2', '2', '1');
INSERT INTO `t_user_role` VALUES ('3', '3', '2', '1');
INSERT INTO `t_user_role` VALUES ('4', '4', '2', '1');
INSERT INTO `t_user_role` VALUES ('5', '5', '2', '1');
INSERT INTO `t_user_role` VALUES ('6', '6', '2', '1');
INSERT INTO `t_user_role` VALUES ('7', '7', '2', '1');
INSERT INTO `t_user_role` VALUES ('8', '8', '2', '1');
INSERT INTO `t_user_role` VALUES ('9', '9', '3', '1');
INSERT INTO `t_user_role` VALUES ('10', '10', '3', '1');
INSERT INTO `t_user_role` VALUES ('11', '11', '3', '1');
INSERT INTO `t_user_role` VALUES ('12', '12', '3', '1');
INSERT INTO `t_user_role` VALUES ('13', '13', '3', '1');
